Quarter,Sector,Year,Hydroelectric Power,Geothermal Energy,Solar Energy,Wind Energy,Wood Energy,Waste Energy,"Fuel Ethanol, Excluding Denaturant",Biomass Losses and Co-products,Total Renewable Energy,Renewable Diesel Fuel,Other Biofuels,Conventional Hydroelectric Power,Biodiesel
1,Commercial,1973,0.0,0.0,0.0,0.0,1.6549999999999998,0.0,0.0,0.0,1.6549999999999998,0.0,0.0,0.0,0.0
1,Commercial,1974,0.0,0.0,0.0,0.0,1.73,0.0,0.0,0.0,1.73,0.0,0.0,0.0,0.0
1,Commercial,1975,0.0,0.0,0.0,0.0,1.989,0.0,0.0,0.0,1.989,0.0,0.0,0.0,0.0
1,Commercial,1976,0.0,0.0,0.0,0.0,2.263,0.0,0.0,0.0,2.263,0.0,0.0,0.0,0.0
1,Commercial,1977,0.0,0.0,0.0,0.0,2.537,0.0,0.0,0.0,2.537,0.0,0.0,0.0,0.0
1,Commercial,1978,0.0,0.0,0.0,0.0,2.9179999999999997,0.0,0.0,0.0,2.9179999999999997,0.0,0.0,0.0,0.0
1,Commercial,1979,0.0,0.0,0.0,0.0,3.406,0.0,0.0,0.0,3.406,0.0,0.0,0.0,0.0
1,Commercial,1980,0.0,0.0,0.0,0.0,5.2219999999999995,0.0,0.0,0.0,5.2219999999999995,0.0,0.0,0.0,0.0
1,Commercial,1981,0.0,0.0,0.0,0.0,5.179,0.0,0.012,0.0,5.191,0.0,0.0,0.0,0.0
1,Commercial,1982,0.0,0.0,0.0,0.0,5.424,0.0,0.032,0.0,5.458,0.0,0.0,0.0,0.0
1,Commercial,1983,0.0,0.0,0.0,0.0,5.424,0.0,0.067,0.0,5.493,0.0,0.0,0.0,0.0
1,Commercial,1984,0.0,0.0,0.0,0.0,5.469,0.0,0.088,0.0,5.557,0.0,0.0,0.0,0.0
1,Commercial,1985,0.0,0.0,0.0,0.0,5.917,0.0,0.093,0.0,6.01,0.0,0.0,0.0,0.0
1,Commercial,1986,0.0,0.0,0.0,0.0,6.657,0.0,0.11399999999999999,0.0,6.773000000000001,0.0,0.0,0.0,0.0
1,Commercial,1987,0.0,0.0,0.0,0.0,7.151,0.0,0.134,0.0,7.284,0.0,0.0,0.0,0.0
1,Commercial,1988,0.0,0.0,0.0,0.0,7.9559999999999995,0.0,0.133,0.0,8.09,0.0,0.0,0.0,0.0
1,Commercial,1989,0.053,0.616,0.01,0.0,18.894,3.2640000000000002,0.125,0.0,22.96,0.0,0.0,0.0,0.0
1,Commercial,1990,0.125,0.691,0.01,0.0,16.266,6.797,0.122,0.0,24.012,0.0,0.0,0.0,0.0
1,Commercial,1991,0.12,0.74,0.012,0.0,16.881,6.465,0.11,0.0,24.326,0.0,0.0,0.0,0.0
1,Commercial,1992,0.107,0.796,0.013000000000000001,0.0,17.907,8.383,0.11499999999999999,0.0,27.32,0.0,0.0,0.0,0.0
1,Commercial,1993,0.088,0.839,0.014,0.0,18.709,9.393,0.048,0.0,29.09,0.0,0.0,0.0,0.0
1,Commercial,1994,0.08,1.036,0.017,0.0,17.744,7.5920000000000005,0.048,0.0,26.514,0.0,0.0,0.0,0.0
1,Commercial,1995,0.10200000000000001,1.109,0.019,0.0,17.791999999999998,8.842,0.034,0.0,27.898,0.0,0.0,0.0,0.0
1,Commercial,1996,0.119,1.318,0.020999999999999998,0.0,18.785,11.803,0.049,0.0,32.095,0.0,0.0,0.0,0.0
1,Commercial,1997,0.11399999999999999,1.405,0.024,0.0,18.09,13.154,0.069,0.0,32.857,0.0,0.0,0.0,0.0
1,Commercial,1998,0.11499999999999999,1.751,0.026,0.0,15.806000000000001,12.402000000000001,0.074,0.0,30.173000000000002,0.0,0.0,0.0,0.0
1,Commercial,1999,0.11,1.652,0.031,0.0,16.41,12.79,0.05,0.0,31.044999999999998,0.0,0.0,0.0,0.0
1,Commercial,2000,0.092,1.8900000000000001,0.036,0.0,17.75,12.417,0.09,0.0,32.275,0.0,0.0,0.0,0.0
1,Commercial,2001,0.063,2.038,0.043,0.0,16.5,5.806,0.089,0.0,24.538,0.0,0.0,0.0,0.0
1,Commercial,2002,0.01,2.157,0.05,0.0,16.947,5.458,0.096,0.0,24.718,0.0,0.0,0.0,0.0
1,Commercial,2003,0.059,2.712,0.06,0.0,17.625999999999998,6.976,0.188,0.0,27.621000000000002,0.0,0.0,0.0,0.0
1,Commercial,2004,0.089,2.983,0.072,0.0,17.566,8.145,0.181,0.0,29.037,0.0,0.0,0.0,0.0
1,Commercial,2005,0.103,3.3529999999999998,0.11,0.0,17.351,8.376999999999999,0.198,0.0,29.493000000000002,0.0,0.0,0.0,0.0
1,Commercial,2006,0.123,3.452,0.16,0.0,16.061,8.777000000000001,0.243,0.0,28.816000000000003,0.0,0.0,0.0,0.0
1,Commercial,2007,0.104,3.551,0.225,0.0,17.325,7.444,0.448,0.0,29.098,0.0,0.0,0.0,0.0
1,Commercial,2008,0.067,3.681,0.363,0.0,18.13,8.123000000000001,0.44999999999999996,0.0,30.813,0.0,0.0,0.0,0.0
1,Commercial,2009,0.087,4.117,0.487,0.0,17.922,8.605,0.604,0.0,31.823,0.0,0.0,0.0,0.0
1,Commercial,2010,0.067,4.561,0.744,0.012,17.653,8.574,0.76,0.0,32.373,0.0,0.0,0.0,0.0
1,Commercial,2011,0.022,4.857,1.256,0.037,17.067,9.866,0.694,0.0,33.801,0.0,0.0,0.0,0.0
1,Commercial,2012,0.026000000000000002,4.899,2.077,0.053000000000000005,15.072,11.095,0.614,0.0,33.835,0.0,0.0,0.0,0.0
1,Commercial,2013,0.041999999999999996,4.857,2.8609999999999998,0.056,17.306,11.209,0.62,0.0,36.953,0.0,0.0,0.0,0.0
1,Commercial,2014,0.039,4.857,3.817,0.087,18.930999999999997,11.727,0.852,0.0,40.313,0.0,0.0,0.0,0.0
1,Commercial,2015,0.028999999999999998,4.857,4.225,0.10300000000000001,19.735,11.132,6.053,0.0,46.135,0.0,0.0,0.0,0.0
1,Commercial,2016,0.208,4.899,4.688,0.123,20.846,11.698,6.193,0.0,48.656,0.0,0.0,0.0,0.0
1,Commercial,2017,0.223,4.857,5.494,0.132,20.803,12.085,5.893,0.0,49.489000000000004,0.0,0.0,0.0,0.0
1,Commercial,2018,0.203,4.857,7.096,0.176,20.979,11.683,6.064,0.0,51.056,0.0,0.0,0.0,0.0
1,Commercial,2019,0.17099999999999999,5.291,8.025,0.172,21.055999999999997,10.44,6.126,0.0,51.278000000000006,0.0,0.0,0.0,0.0
1,Commercial,2020,0.179,5.306,9.436,0.166,20.991,9.708,6.733,0.0,52.522999999999996,0.0,0.0,0.0,0.0
1,Commercial,2021,0.236,5.201,10.891,0.156,20.403,9.641,5.879,0.0,52.405,0.0,0.0,0.0,0.0
1,Commercial,2022,0.238,4.857,12.907,0.183,20.473,18.203,7.443,0.0,64.306,0.0,0.0,0.0,0.0
1,Commercial,2023,0.14700000000000002,4.857,14.068000000000001,0.18,20.23,17.265,7.641,0.0,64.454,0.0,0.0,0.0,0.0
1,Commercial,2024,0.073,1.669,4.267,0.036,7.053,6.233,2.441,0.0,21.773,0.0,0.0,0.0,0.0
1,Electric Power,1973,0.0,1.4020000000000001,0.0,0.0,0.397,0.477,0.0,0.0,256.6,0.0,0.0,254.324,0.0
1,Electric Power,1974,0.0,2.032,0.0,0.0,0.186,0.44199999999999995,0.0,0.0,285.619,0.0,0.0,282.959,0.0
1,Electric Power,1975,0.0,2.1029999999999998,0.0,0.0,0.025,0.377,0.0,0.0,264.776,0.0,0.0,262.271,0.0
1,Electric Power,1976,0.0,3.299,0.0,0.0,0.067,0.41300000000000003,0.0,0.0,267.026,0.0,0.0,263.246,0.0
1,Electric Power,1977,0.0,3.026,0.0,0.0,1.141,0.422,0.0,0.0,194.47,0.0,0.0,189.881,0.0
1,Electric Power,1978,0.0,2.812,0.0,0.0,0.747,0.34299999999999997,0.0,0.0,249.247,0.0,0.0,245.346,0.0
1,Electric Power,1979,0.0,2.9779999999999998,0.0,0.0,0.6839999999999999,0.5569999999999999,0.0,0.0,250.626,0.0,0.0,246.406,0.0
1,Electric Power,1980,0.0,3.476,0.0,0.0,0.9530000000000001,0.538,0.0,0.0,247.17899999999997,0.0,0.0,242.20999999999998,0.0
1,Electric Power,1981,0.0,4.96,0.0,0.0,0.846,0.309,0.0,0.0,224.517,0.0,0.0,218.402,0.0
1,Electric Power,1982,0.0,3.541,0.0,0.0,0.525,0.344,0.0,0.0,289.209,0.0,0.0,284.801,0.0
1,Electric Power,1983,0.0,4.382,0.0,0.002,0.42000000000000004,0.328,0.0,0.0,303.63599999999997,0.0,0.0,298.504,0.0
1,Electric Power,1984,0.0,5.933999999999999,0.001,0.002,1.014,0.745,0.0,0.0,308.19599999999997,0.0,0.0,300.502,0.0
1,Electric Power,1985,0.0,7.688,0.002,0.008,2.487,1.5090000000000001,0.0,0.0,278.122,0.0,0.0,266.427,0.0
1,Electric Power,1986,0.0,9.462,0.007,0.004,1.2610000000000001,1.7240000000000002,0.0,0.0,261.756,0.0,0.0,249.29699999999997,0.0
1,Electric Power,1987,0.0,8.982,0.005,0.0,1.875,1.848,0.0,0.0,251.164,0.0,0.0,238.452,0.0
1,Electric Power,1988,0.0,8.813,0.009000000000000001,0.002,2.722,1.2530000000000001,0.0,0.0,219.745,0.0,0.0,206.946,0.0
1,Electric Power,1989,0.0,12.952,0.114,2.133,26.328,19.576999999999998,0.0,0.0,276.606,0.0,0.0,215.502,0.0
1,Electric Power,1990,0.0,13.572,0.19899999999999998,2.654,35.092,46.022999999999996,0.0,0.0,362.73400000000004,0.0,0.0,265.192,0.0
1,Electric Power,1991,0.0,13.605,0.162,1.908,31.356,55.794,0.0,0.0,362.874,0.0,0.0,260.05,0.0
1,Electric Power,1992,0.0,13.924,0.11599999999999999,3.391,34.724,67.736,0.0,0.0,338.131,0.0,0.0,218.24,0.0
1,Electric Power,1993,0.0,14.696,0.211,2.7859999999999996,42.501,74.479,0.0,0.0,376.554,0.0,0.0,241.883,0.0
1,Electric Power,1994,0.0,13.620000000000001,0.33,2.208,45.887,61.911,0.0,0.0,341.72700000000003,0.0,0.0,217.772,0.0
1,Electric Power,1995,0.0,9.913,0.109,0.115,24.671,65.164,0.0,0.0,363.078,0.0,0.0,263.106,0.0
1,Electric Power,1996,0.0,9.837,0.311,1.525,31.84,66.864,0.0,0.0,433.602,0.0,0.0,323.224,0.0
1,Electric Power,1997,0.0,10.674,0.31000000000000005,1.29,33.381,70.559,0.0,0.0,450.07,0.0,0.0,333.856,0.0
1,Electric Power,1998,0.0,13.324,0.223,0.108,35.469,70.481,0.0,0.0,423.175,0.0,0.0,303.571,0.0
1,Electric Power,1999,0.0,12.434999999999999,0.20500000000000002,3.7279999999999998,31.717,74.771,0.0,0.0,426.238,0.0,0.0,303.384,0.0
1,Electric Power,2000,0.0,12.394,0.196,5.805,31.386,83.676,0.0,0.0,383.84000000000003,0.0,0.0,250.385,0.0
1,Electric Power,2001,0.0,11.915,0.172,4.615,31.494,50.568,0.0,0.0,289.755,0.0,0.0,190.989,0.0
1,Electric Power,2002,0.0,12.504,0.27,8.112,35.753,54.805,0.0,0.0,323.47299999999996,0.0,0.0,212.028,0.0
1,Electric Power,2003,0.0,12.286000000000001,0.277,8.236,42.692,55.585,0.0,0.0,335.883,0.0,0.0,216.808,0.0
1,Electric Power,2004,0.0,12.795,0.261,11.302,41.997,54.846000000000004,0.0,0.0,346.07099999999997,0.0,0.0,224.871,0.0
1,Electric Power,2005,0.0,12.008,0.20500000000000002,12.484,47.145,52.927,0.0,0.0,356.396,0.0,0.0,231.62599999999998,0.0
1,Electric Power,2006,0.0,12.289000000000001,0.225,22.736,47.980000000000004,57.399,0.0,0.0,399.73,0.0,0.0,259.102,0.0
1,Electric Power,2007,0.0,12.359,0.275,27.362000000000002,49.399,56.729,0.0,0.0,378.967,0.0,0.0,232.844,0.0
1,Electric Power,2008,0.0,12.100999999999999,0.433,44.038,45.891,63.503,0.0,0.0,373.15,0.0,0.0,207.185,0.0
1,Electric Power,2009,0.0,12.818000000000001,0.395,64.494,46.442,63.476,0.0,0.0,401.22400000000005,0.0,0.0,213.6,0.0
1,Electric Power,2010,0.0,12.889,0.405,71.215,50.135,63.405,0.0,0.0,414.092,0.0,0.0,216.046,0.0
1,Electric Power,2011,0.0,13.305,0.8,100.773,47.747,60.723,0.0,0.0,497.33299999999997,0.0,0.0,273.985,0.0
1,Electric Power,2012,0.0,12.767,1.506,132.00400000000002,48.47,63.403999999999996,0.0,0.0,492.015,0.0,0.0,233.86200000000002,0.0
1,Electric Power,2013,0.0,13.635,4.48,151.989,49.402,63.888999999999996,0.0,0.0,504.42499999999995,0.0,0.0,221.03,0.0
1,Electric Power,2014,0.0,13.302,9.671,169.28,63.485,70.211,0.0,0.0,540.693,0.0,0.0,214.743,0.0
1,Electric Power,2015,0.0,13.702000000000002,15.8,154.724,63.662000000000006,65.53999999999999,0.0,0.0,553.43,0.0,0.0,240.00300000000001,0.0
1,Electric Power,2016,0.0,13.274000000000001,21.254,206.375,60.655,69.12,0.0,0.0,632.364,0.0,0.0,261.685,0.0
1,Electric Power,2017,0.0,13.761,32.345,233.918,59.866,71.352,0.0,0.0,683.1279999999999,0.0,0.0,271.88800000000003,0.0
1,Electric Power,2018,0.0,13.587,41.489000000000004,256.48,59.969,71.621,0.0,0.0,700.782,0.0,0.0,257.632,0.0
1,Electric Power,2019,0.0,13.574000000000002,44.986000000000004,247.76999999999998,51.692,62.397999999999996,0.0,0.0,671.671,0.0,0.0,251.252,0.0
1,Electric Power,2020,0.0,12.704,55.406000000000006,295.05899999999997,49.497,63.785,0.0,0.0,728.267,0.0,0.0,251.816,0.0
1,Electric Power,2021,0.0,12.882000000000001,71.821,327.226,51.294,58.881,0.0,0.0,745.918,0.0,0.0,223.816,0.0
1,Electric Power,2022,0.0,13.646,96.76599999999999,402.606,51.161,46.564,0.0,0.0,848.2669999999999,0.0,0.0,237.526,0.0
1,Electric Power,2023,0.0,14.466999999999999,99.584,429.521,43.771,43.275999999999996,0.0,0.0,838.235,0.0,0.0,207.619,0.0
1,Electric Power,2024,0.0,4.667,32.707,119.265,15.071,13.873,0.0,0.0,257.661,0.0,0.0,72.078,0.0
1,Industrial,1973,3.066,0.0,0.0,0.0,287.225,0.0,0.0,0.0,290.28999999999996,0.0,0.0,0.0,0.0
1,Industrial,1974,2.967,0.0,0.0,0.0,285.799,0.0,0.0,0.0,288.765,0.0,0.0,0.0,0.0
1,Industrial,1975,2.8739999999999997,0.0,0.0,0.0,262.17600000000004,0.0,0.0,0.0,265.05,0.0,0.0,0.0,0.0
1,Industrial,1976,2.9139999999999997,0.0,0.0,0.0,303.303,0.0,0.0,0.0,306.216,0.0,0.0,0.0,0.0
1,Industrial,1977,2.69,0.0,0.0,0.0,315.923,0.0,0.0,0.0,318.61400000000003,0.0,0.0,0.0,0.0
1,Industrial,1978,2.665,0.0,0.0,0.0,345.31,0.0,0.0,0.0,347.975,0.0,0.0,0.0,0.0
1,Industrial,1979,2.9,0.0,0.0,0.0,346.404,0.0,0.0,0.0,349.305,0.0,0.0,0.0,0.0
1,Industrial,1980,2.793,0.0,0.0,0.0,397.814,0.0,0.0,0.0,400.607,0.0,0.0,0.0,0.0
1,Industrial,1981,2.793,0.0,0.0,0.0,395.01300000000003,21.382,0.021,1.446,420.656,0.0,0.0,0.0,0.0
1,Industrial,1982,2.793,0.0,0.0,0.0,373.808,29.021,0.05,3.893,409.56399999999996,0.0,0.0,0.0,0.0
1,Industrial,1983,2.793,0.0,0.0,0.0,416.712,38.291,0.075,7.113,464.983,0.0,0.0,0.0,0.0
1,Industrial,1984,2.793,0.0,0.0,0.0,417.456,50.614000000000004,0.129,8.742,479.736,0.0,0.0,0.0,0.0
1,Industrial,1985,2.793,0.0,0.0,0.0,405.616,56.622,0.209,10.403,475.644,0.0,0.0,0.0,0.0
1,Industrial,1986,2.793,0.0,0.0,0.0,396.987,63.05,0.221,11.909,474.961,0.0,0.0,0.0,0.0
1,Industrial,1987,2.793,0.0,0.0,0.0,388.603,69.477,0.247,13.587,474.709,0.0,0.0,0.0,0.0
1,Industrial,1988,2.793,0.0,0.0,0.0,404.031,76.507,0.23199999999999998,13.788,497.351,0.0,0.0,0.0,0.0
1,Industrial,1989,2.178,0.444,0.003,0.0,406.971,46.016999999999996,0.244,13.758,469.613,0.0,0.0,0.0,0.0
1,Industrial,1990,2.723,0.46799999999999997,0.003,0.0,385.326,47.35,0.203,12.113,448.18600000000004,0.0,0.0,0.0,0.0
1,Industrial,1991,2.5860000000000003,0.517,0.003,0.0,350.527,45.444,0.247,13.921,413.246,0.0,0.0,0.0,0.0
1,Industrial,1992,2.575,0.546,0.003,0.0,362.158,44.758,0.28200000000000003,15.829,426.15099999999995,0.0,0.0,0.0,0.0
1,Industrial,1993,2.502,0.592,0.003,0.0,409.355,46.253,0.295,18.41,477.41,0.0,0.0,0.0,0.0
1,Industrial,1994,5.168,0.691,0.003,0.0,457.717,48.028999999999996,0.366,19.866,531.8399999999999,0.0,0.0,0.0,0.0
1,Industrial,1995,4.569,0.74,0.004,0.0,344.785,47.077,0.384,23.12,420.678,0.0,0.0,0.0,0.0
1,Industrial,1996,5.569,0.722,0.004,0.0,396.49199999999996,54.568,0.369,18.554,476.277,0.0,0.0,0.0,0.0
1,Industrial,1997,5.413,0.764,0.005,0.0,423.08,44.629999999999995,0.34099999999999997,19.038,493.271,0.0,0.0,0.0,0.0
1,Industrial,1998,5.1080000000000005,0.74,0.006,0.0,410.95899999999995,43.73,0.372,20.853,481.76800000000003,0.0,0.0,0.0,0.0
1,Industrial,1999,4.588,1.011,0.007,0.0,378.968,41.884,0.27,22.275,449.001,0.0,0.0,0.0,0.0
1,Industrial,2000,3.816,1.095,0.007,0.0,388.118,36.574,0.305,24.29,454.204,0.0,0.0,0.0,0.0
1,Industrial,2001,2.7560000000000002,1.173,0.01,0.0,360.863,31.968,0.6970000000000001,26.428,423.897,0.0,0.0,0.0,0.0
1,Industrial,2002,2.903,1.181,0.011,0.0,331.07,37.079,0.657,29.572000000000003,402.471,0.0,0.0,0.0,0.0
1,Industrial,2003,3.4859999999999998,0.839,0.013000000000000001,0.0,330.67,36.68,1.018,39.403999999999996,412.111,0.0,0.0,0.0,0.0
1,Industrial,2004,3.0010000000000003,0.9450000000000001,0.017,0.0,366.882,33.408,1.498,47.998999999999995,453.748,0.0,0.0,0.0,0.0
1,Industrial,2005,3.067,1.06,0.024,0.0,371.373,36.832,1.546,53.391999999999996,467.296,0.0,0.0,0.0,0.0
1,Industrial,2006,2.895,1.086,0.036,0.0,370.345,32.527,1.875,64.40899999999999,473.171,0.0,0.0,0.0,0.0
1,Industrial,2007,1.7109999999999999,1.159,0.05,0.0,349.703,42.106,2.241,81.515,478.485,0.0,0.0,0.0,0.0
1,Industrial,2008,1.6880000000000002,1.242,0.08,0.0,358.965,37.875,2.4619999999999997,114.94800000000001,517.264,0.0,0.0,0.0,0.0
1,Industrial,2009,1.712,1.036,0.108,0.0,283.77,39.934,2.77,134.042,463.37199999999996,0.0,0.0,0.0,0.0
1,Industrial,2010,1.7730000000000001,1.036,0.165,0.0,345.128,42.236000000000004,3.8099999999999996,174.18599999999998,568.333,0.0,0.0,0.0,0.0
1,Industrial,2011,1.671,1.036,0.272,0.003,359.1,42.24,4.006,186.49099999999999,594.817,0.0,0.0,0.0,0.0
1,Industrial,2012,2.556,1.045,0.454,0.02,363.376,40.104,4.013999999999999,188.034,599.604,0.0,0.0,0.0,0.0
1,Industrial,2013,3.374,1.036,0.609,0.027,367.44100000000003,45.483999999999995,4.079000000000001,164.111,586.162,0.0,0.0,0.0,0.0
1,Industrial,2014,1.153,1.036,0.76,0.056999999999999995,368.911,48.345,3.327,183.277,606.865,0.0,0.0,0.0,0.0
1,Industrial,2015,1.214,1.036,0.983,0.049,367.61,47.739999999999995,4.152,192.736,615.521,0.0,0.0,0.0,0.0
1,Industrial,2016,1.321,1.045,1.413,0.077,366.708,45.355000000000004,4.3309999999999995,201.45999999999998,621.711,0.0,0.0,0.0,0.0
1,Industrial,2017,1.2690000000000001,1.036,1.58,0.083,357.012,43.947,4.317,210.81400000000002,620.057,0.0,0.0,0.0,0.0
1,Industrial,2018,0.8859999999999999,1.036,1.814,0.10400000000000001,355.69,43.42,4.46,211.166,618.575,0.0,0.0,0.0,0.0
1,Industrial,2019,1.109,1.036,2.1,0.101,355.038,40.627,4.425,202.225,606.6610000000001,0.0,0.0,0.0,0.0
1,Industrial,2020,1.137,1.045,2.432,0.088,350.865,41.628,4.881,206.72,608.795,0.0,0.0,0.0,0.0
1,Industrial,2021,0.856,1.036,2.726,0.107,336.03999999999996,41.569,4.147,178.946,565.428,0.0,0.0,0.0,0.0
1,Industrial,2022,0.921,1.036,2.972,0.14,326.836,41.86,4.676,203.113,581.552,0.0,0.0,0.0,0.0
1,Industrial,2023,0.862,1.036,3.217,0.128,318.13599999999997,41.452999999999996,4.8,198.758,568.389,0.0,0.0,0.0,0.0
1,Industrial,2024,0.308,0.356,0.987,0.035,104.878,14.171,1.533,67.742,190.011,0.0,0.0,0.0,0.0
1,Residential,1973,0.0,0.0,0.0,0.0,87.31200000000001,0.0,0.0,0.0,87.31200000000001,0.0,0.0,0.0,0.0
1,Residential,1974,0.0,0.0,0.0,0.0,91.469,0.0,0.0,0.0,91.469,0.0,0.0,0.0,0.0
1,Residential,1975,0.0,0.0,0.0,0.0,104.896,0.0,0.0,0.0,104.896,0.0,0.0,0.0,0.0
1,Residential,1976,0.0,0.0,0.0,0.0,119.75,0.0,0.0,0.0,119.75,0.0,0.0,0.0,0.0
1,Residential,1977,0.0,0.0,0.0,0.0,133.589,0.0,0.0,0.0,133.589,0.0,0.0,0.0,0.0
1,Residential,1978,0.0,0.0,0.0,0.0,153.333,0.0,0.0,0.0,153.333,0.0,0.0,0.0,0.0
1,Residential,1979,0.0,0.0,0.0,0.0,179.526,0.0,0.0,0.0,179.526,0.0,0.0,0.0,0.0
1,Residential,1980,0.0,0.0,0.0,0.0,211.34,0.0,0.0,0.0,211.34,0.0,0.0,0.0,0.0
1,Residential,1981,0.0,0.0,0.0,0.0,214.51999999999998,0.0,0.0,0.0,214.51999999999998,0.0,0.0,0.0,0.0
1,Residential,1982,0.0,0.0,0.0,0.0,239.179,0.0,0.0,0.0,239.179,0.0,0.0,0.0,0.0
1,Residential,1983,0.0,0.0,0.0,0.0,239.179,0.0,0.0,0.0,239.179,0.0,0.0,0.0,0.0
1,Residential,1984,0.0,0.0,0.0,0.0,243.66,0.0,0.0,0.0,243.66,0.0,0.0,0.0,0.0
1,Residential,1985,0.0,0.0,0.0,0.0,249.041,0.0,0.0,0.0,249.041,0.0,0.0,0.0,0.0
1,Residential,1986,0.0,0.0,0.0,0.0,226.849,0.0,0.0,0.0,226.849,0.0,0.0,0.0,0.0
1,Residential,1987,0.0,0.0,0.0,0.0,209.589,0.0,0.0,0.0,209.589,0.0,0.0,0.0,0.0
1,Residential,1988,0.0,0.0,0.0,0.0,226.25799999999998,0.0,0.0,0.0,226.25799999999998,0.0,0.0,0.0,0.0
1,Residential,1989,0.0,1.234,9.956,0.0,226.849,0.0,0.0,0.0,238.039,0.0,0.0,0.0,0.0
1,Residential,1990,0.0,1.356,10.548,0.0,143.013,0.0,0.0,0.0,154.918,0.0,0.0,0.0,0.0
1,Residential,1991,0.0,1.455,10.878,0.0,150.411,0.0,0.0,0.0,162.744,0.0,0.0,0.0,0.0
1,Residential,1992,0.0,1.5910000000000002,11.268,0.0,159.126,0.0,0.0,0.0,171.98399999999998,0.0,0.0,0.0,0.0
1,Residential,1993,0.0,1.678,11.584999999999999,0.0,135.616,0.0,0.0,0.0,148.878,0.0,0.0,0.0,0.0
1,Residential,1994,0.0,1.53,11.9,0.0,128.21800000000002,0.0,0.0,0.0,141.648,0.0,0.0,0.0,0.0
1,Residential,1995,0.0,1.6280000000000001,12.081,0.0,128.21800000000002,0.0,0.0,0.0,141.92700000000002,0.0,0.0,0.0,0.0
1,Residential,1996,0.0,1.741,12.187999999999999,0.0,134.263,0.0,0.0,0.0,148.191,0.0,0.0,0.0,0.0
1,Residential,1997,0.0,1.849,12.022,0.0,106.02799999999999,0.0,0.0,0.0,119.899,0.0,0.0,0.0,0.0
1,Residential,1998,0.0,1.899,11.886,0.0,93.699,0.0,0.0,0.0,107.483,0.0,0.0,0.0,0.0
1,Residential,1999,0.0,2.096,11.606,0.0,96.16399999999999,0.0,0.0,0.0,109.866,0.0,0.0,0.0,0.0
1,Residential,2000,0.0,2.137,11.088000000000001,0.0,104.42699999999999,0.0,0.0,0.0,117.65299999999999,0.0,0.0,0.0,0.0
1,Residential,2001,0.0,2.331,10.587,0.0,91.23400000000001,0.0,0.0,0.0,104.149,0.0,0.0,0.0,0.0
1,Residential,2002,0.0,2.517,10.215,0.0,93.699,0.0,0.0,0.0,106.429,0.0,0.0,0.0,0.0
1,Residential,2003,0.0,3.205,9.917,0.0,98.631,0.0,0.0,0.0,111.75200000000001,0.0,0.0,0.0,0.0
1,Residential,2004,0.0,3.481,9.767,0.0,101.94,0.0,0.0,0.0,115.188,0.0,0.0,0.0,0.0
1,Residential,2005,0.0,3.92,9.529,0.0,106.02799999999999,0.0,0.0,0.0,119.477,0.0,0.0,0.0,0.0
1,Residential,2006,0.0,4.5120000000000005,9.913,0.0,93.699,0.0,0.0,0.0,108.12299999999999,0.0,0.0,0.0,0.0
1,Residential,2007,0.0,5.424,10.314,0.0,103.561,0.0,0.0,0.0,119.3,0.0,0.0,0.0,0.0
1,Residential,2008,0.0,6.564,10.782,0.0,116.858,0.0,0.0,0.0,134.204,0.0,0.0,0.0,0.0
1,Residential,2009,0.0,8.088000000000001,10.887,0.0,124.273,0.0,0.0,0.0,143.249,0.0,0.0,0.0,0.0
1,Residential,2010,0.0,9.073,11.391,0.0,133.281,0.0,0.0,0.0,153.745,0.0,0.0,0.0,0.0
1,Residential,2011,0.0,9.764,12.012,0.0,129.269,0.0,0.0,0.0,151.048,0.0,0.0,0.0,0.0
1,Residential,2012,0.0,9.846,12.793,0.0,108.924,0.0,0.0,0.0,131.564,0.0,0.0,0.0,0.0
1,Residential,2013,0.0,9.764,13.841999999999999,0.0,140.955,0.0,0.0,0.0,164.561,0.0,0.0,0.0,0.0
1,Residential,2014,0.0,9.764,15.331,0.0,142.65300000000002,0.0,0.0,0.0,167.749,0.0,0.0,0.0,0.0
1,Residential,2015,0.0,9.764,16.276,0.0,126.42699999999999,0.0,0.0,0.0,152.469,0.0,0.0,0.0,0.0
1,Residential,2016,0.0,9.846,19.096,0.0,110.553,0.0,0.0,0.0,139.495,0.0,0.0,0.0,0.0
1,Residential,2017,0.0,9.764,21.466,0.0,105.924,0.0,0.0,0.0,137.154,0.0,0.0,0.0,0.0
1,Residential,2018,0.0,9.764,24.15,0.0,129.417,0.0,0.0,0.0,163.332,0.0,0.0,0.0,0.0
1,Residential,2019,0.0,9.764,26.570999999999998,0.0,134.50900000000001,0.0,0.0,0.0,170.844,0.0,0.0,0.0,0.0
1,Residential,2020,0.0,9.846,30.246,0.0,85.801,0.0,0.0,0.0,125.893,0.0,0.0,0.0,0.0
1,Residential,2021,0.0,9.764,33.637,0.0,84.852,0.0,0.0,0.0,128.253,0.0,0.0,0.0,0.0
1,Residential,2022,0.0,9.764,39.349,0.0,104.17399999999999,0.0,0.0,0.0,153.287,0.0,0.0,0.0,0.0
1,Residential,2023,0.0,9.764,45.211,0.0,111.039,0.0,0.0,0.0,166.014,0.0,0.0,0.0,0.0
1,Residential,2024,0.0,3.354,14.897,0.0,34.065,0.0,0.0,0.0,52.316,0.0,0.0,0.0,0.0
1,Transportation,1973,0.0,0.0,0.0,0.0,0.0,0.0,0.0,0.0,0.0,0.0,0.0,0.0,0.0
1,Transportation,1974,0.0,0.0,0.0,0.0,0.0,0.0,0.0,0.0,0.0,0.0,0.0,0.0,0.0
1,Transportation,1975,0.0,0.0,0.0,0.0,0.0,0.0,0.0,0.0,0.0,0.0,0.0,0.0,0.0
1,Transportation,1976,0.0,0.0,0.0,0.0,0.0,0.0,0.0,0.0,0.0,0.0,0.0,0.0,0.0
1,Transportation,1977,0.0,0.0,0.0,0.0,0.0,0.0,0.0,0.0,0.0,0.0,0.0,0.0,0.0
1,Transportation,1978,0.0,0.0,0.0,0.0,0.0,0.0,0.0,0.0,0.0,0.0,0.0,0.0,0.0
1,Transportation,1979,0.0,0.0,0.0,0.0,0.0,0.0,0.0,0.0,0.0,0.0,0.0,0.0,0.0
1,Transportation,1980,0.0,0.0,0.0,0.0,0.0,0.0,0.0,0.0,0.0,0.0,0.0,0.0,0.0
1,Transportation,1981,0.0,0.0,0.0,0.0,0.0,0.0,1.658,0.0,0.0,0.0,0.0,0.0,0.0
1,Transportation,1982,0.0,0.0,0.0,0.0,0.0,0.0,4.509,0.0,0.0,0.0,0.0,0.0,0.0
1,Transportation,1983,0.0,0.0,0.0,0.0,0.0,0.0,8.315,0.0,0.0,0.0,0.0,0.0,0.0
1,Transportation,1984,0.0,0.0,0.0,0.0,0.0,0.0,10.26,0.0,0.0,0.0,0.0,0.0,0.0
1,Transportation,1985,0.0,0.0,0.0,0.0,0.0,0.0,12.264,0.0,0.0,0.0,0.0,0.0,0.0
1,Transportation,1986,0.0,0.0,0.0,0.0,0.0,0.0,14.161999999999999,0.0,0.0,0.0,0.0,0.0,0.0
1,Transportation,1987,0.0,0.0,0.0,0.0,0.0,0.0,16.292,0.0,0.0,0.0,0.0,0.0,0.0
1,Transportation,1988,0.0,0.0,0.0,0.0,0.0,0.0,16.689,0.0,0.0,0.0,0.0,0.0,0.0
1,Transportation,1989,0.0,0.0,0.0,0.0,0.0,0.0,16.789,0.0,0.0,0.0,0.0,0.0,0.0
1,Transportation,1990,0.0,0.0,0.0,0.0,0.0,0.0,14.899,0.0,0.0,0.0,0.0,0.0,0.0
1,Transportation,1991,0.0,0.0,0.0,0.0,0.0,0.0,17.283,0.0,0.0,0.0,0.0,0.0,0.0
1,Transportation,1992,0.0,0.0,0.0,0.0,0.0,0.0,19.826999999999998,0.0,0.0,0.0,0.0,0.0,0.0
1,Transportation,1993,0.0,0.0,0.0,0.0,0.0,0.0,23.209,0.0,0.0,0.0,0.0,0.0,0.0
1,Transportation,1994,0.0,0.0,0.0,0.0,0.0,0.0,27.213,0.0,0.0,0.0,0.0,0.0,0.0
1,Transportation,1995,0.0,0.0,0.0,0.0,0.0,0.0,28.000999999999998,0.0,0.0,0.0,0.0,0.0,0.0
1,Transportation,1996,0.0,0.0,0.0,0.0,0.0,0.0,27.363,0.0,0.0,0.0,0.0,0.0,0.0
1,Transportation,1997,0.0,0.0,0.0,0.0,0.0,0.0,24.136,0.0,0.0,0.0,0.0,0.0,0.0
1,Transportation,1998,0.0,0.0,0.0,0.0,0.0,0.0,28.875,0.0,0.0,0.0,0.0,0.0,0.0
1,Transportation,1999,0.0,0.0,0.0,0.0,0.0,0.0,28.171,0.0,0.0,0.0,0.0,0.0,0.0
1,Transportation,2000,0.0,0.0,0.0,0.0,0.0,0.0,32.297000000000004,0.0,0.0,0.0,0.0,0.0,0.0
1,Transportation,2001,0.0,0.0,0.0,0.0,0.0,0.0,37.899,0.0,0.0,0.0,0.0,0.0,0.26
1,Transportation,2002,0.0,0.0,0.0,0.0,0.0,0.0,34.964,0.0,0.0,0.0,0.0,0.0,0.724
1,Transportation,2003,0.0,0.0,0.0,0.0,0.0,0.0,52.144999999999996,0.0,0.0,0.0,0.0,0.0,0.416
1,Transportation,2004,0.0,0.0,0.0,0.0,0.0,0.0,68.25200000000001,0.0,0.0,0.0,0.0,0.0,0.954
1,Transportation,2005,0.0,0.0,0.0,0.0,0.0,0.0,74.021,0.0,0.0,0.0,0.0,0.0,2.968
1,Transportation,2006,0.0,0.0,0.0,0.0,0.0,0.0,85.644,0.0,0.0,0.0,0.0,0.0,4.921
1,Transportation,2007,0.0,0.0,0.0,0.0,0.0,0.0,126.80000000000001,0.0,0.0,0.0,0.0,0.0,10.5
1,Transportation,2008,0.0,0.0,0.0,0.0,0.0,0.0,166.135,0.0,0.0,0.0,0.0,0.0,7.759
1,Transportation,2009,0.0,0.0,0.0,0.0,0.0,0.0,191.44299999999998,0.0,0.0,0.0,0.0,0.0,3.9130000000000003
1,Transportation,2010,0.0,0.0,0.0,0.0,0.0,0.0,239.63600000000002,0.0,0.0,0.0,0.0,0.0,5.498
1,Transportation,2011,0.0,0.0,0.0,0.0,0.0,0.0,250.154,0.0,0.0,1.117,0.0,0.0,13.085
1,Transportation,2012,0.0,0.0,0.0,0.0,0.0,0.0,251.247,0.0,0.0,1.669,0.0,0.0,24.54
1,Transportation,2013,0.0,0.0,0.0,0.0,0.0,0.0,249.007,0.0,0.0,2.8449999999999998,0.0,0.0,30.299999999999997
1,Transportation,2014,0.0,0.0,0.0,0.0,0.0,0.0,256.78499999999997,0.0,0.0,9.085,0.35,0.0,34.038
1,Transportation,2015,0.0,0.0,0.0,0.0,0.0,0.0,262.582,0.0,0.0,9.347,0.5800000000000001,0.0,31.041000000000004
1,Transportation,2016,0.0,0.0,0.0,0.0,0.0,0.0,274.41200000000003,0.0,0.0,10.273,0.41400000000000003,0.0,45.049
1,Transportation,2017,0.0,0.0,0.0,0.0,0.0,0.0,270.774,0.0,0.0,14.786999999999999,0.732,0.0,46.184
1,Transportation,2018,0.0,0.0,0.0,0.0,0.0,0.0,274.31,0.0,0.0,11.004,0.838,0.0,50.016999999999996
1,Transportation,2019,0.0,0.0,0.0,0.0,0.0,0.0,274.38599999999997,0.0,0.0,20.11,1.066,0.0,52.742000000000004
1,Transportation,2020,0.0,0.0,0.0,0.0,0.0,0.0,258.307,0.0,0.0,24.665,1.01,0.0,53.743
1,Transportation,2021,0.0,0.0,0.0,0.0,0.0,0.0,244.989,0.0,0.0,31.672,2.208,0.0,49.271
1,Transportation,2022,0.0,0.0,0.0,0.0,0.0,0.0,262.548,0.0,0.0,47.915,3.66,0.0,47.489000000000004
1,Transportation,2023,0.0,0.0,0.0,0.0,0.0,0.0,269.532,0.0,0.0,76.572,8.443,0.0,55.013999999999996
1,Transportation,2024,0.0,0.0,0.0,0.0,0.0,0.0,86.098,0.0,0.0,30.78,3.442,0.0,19.867
2,Commercial,1973,0.0,0.0,0.0,0.0,1.6720000000000002,0.0,0.0,0.0,1.6720000000000002,0.0,0.0,0.0,0.0
2,Commercial,1974,0.0,0.0,0.0,0.0,1.75,0.0,0.0,0.0,1.75,0.0,0.0,0.0,0.0
2,Commercial,1975,0.0,0.0,0.0,0.0,2.011,0.0,0.0,0.0,2.011,0.0,0.0,0.0,0.0
2,Commercial,1976,0.0,0.0,0.0,0.0,2.263,0.0,0.0,0.0,2.263,0.0,0.0,0.0,0.0
2,Commercial,1977,0.0,0.0,0.0,0.0,2.564,0.0,0.0,0.0,2.564,0.0,0.0,0.0,0.0
2,Commercial,1978,0.0,0.0,0.0,0.0,2.9509999999999996,0.0,0.0,0.0,2.9509999999999996,0.0,0.0,0.0,0.0
2,Commercial,1979,0.0,0.0,0.0,0.0,3.443,0.0,0.0,0.0,3.443,0.0,0.0,0.0,0.0
2,Commercial,1980,0.0,0.0,0.0,0.0,5.221,0.0,0.0,0.0,5.221,0.0,0.0,0.0,0.0
2,Commercial,1981,0.0,0.0,0.0,0.0,5.236,0.0,0.012,0.0,5.248,0.0,0.0,0.0,0.0
2,Commercial,1982,0.0,0.0,0.0,0.0,5.484,0.0,0.033,0.0,5.518,0.0,0.0,0.0,0.0
2,Commercial,1983,0.0,0.0,0.0,0.0,5.484,0.0,0.069,0.0,5.554,0.0,0.0,0.0,0.0
2,Commercial,1984,0.0,0.0,0.0,0.0,5.468999999999999,0.0,0.088,0.0,5.557,0.0,0.0,0.0,0.0
2,Commercial,1985,0.0,0.0,0.0,0.0,5.984,0.0,0.094,0.0,6.0760000000000005,0.0,0.0,0.0,0.0
2,Commercial,1986,0.0,0.0,0.0,0.0,6.731,0.0,0.11499999999999999,0.0,6.847,0.0,0.0,0.0,0.0
2,Commercial,1987,0.0,0.0,0.0,0.0,7.231,0.0,0.136,0.0,7.365,0.0,0.0,0.0,0.0
2,Commercial,1988,0.0,0.0,0.0,0.0,7.956,0.0,0.133,0.0,8.09,0.0,0.0,0.0,0.0
2,Commercial,1989,0.066,0.622,0.014,0.0,18.992,4.851,0.125,0.0,24.673000000000002,0.0,0.0,0.0,0.0
2,Commercial,1990,0.134,0.698,0.015,0.0,16.286,6.923,0.124,0.0,24.180999999999997,0.0,0.0,0.0,0.0
2,Commercial,1991,0.13,0.749,0.017,0.0,16.908,7.032,0.10999999999999999,0.0,24.942999999999998,0.0,0.0,0.0,0.0
2,Commercial,1992,0.112,0.795,0.02,0.0,17.758,8.073,0.11499999999999999,0.0,26.872,0.0,0.0,0.0,0.0
2,Commercial,1993,0.10300000000000001,0.847,0.021,0.0,18.701999999999998,8.109,0.045,0.0,27.829,0.0,0.0,0.0,0.0
2,Commercial,1994,0.092,1.047,0.023,0.0,17.802,8.814,0.041999999999999996,0.0,27.82,0.0,0.0,0.0,0.0
2,Commercial,1995,0.107,1.1219999999999999,0.026,0.0,18.006,9.642,0.035,0.0,28.938000000000002,0.0,0.0,0.0,0.0
2,Commercial,1996,0.119,1.317,0.032,0.0,18.717,12.663,0.031,0.0,32.88,0.0,0.0,0.0,0.0
2,Commercial,1997,0.11599999999999999,1.42,0.035,0.0,18.258000000000003,15.192,0.064,0.0,35.086,0.0,0.0,0.0,0.0
2,Commercial,1998,0.119,1.771,0.04,0.0,15.899,13.517,0.061,0.0,31.407,0.0,0.0,0.0,0.0
2,Commercial,1999,0.106,1.671,0.046,0.0,16.631,14.807,0.047,0.0,33.306,0.0,0.0,0.0,0.0
2,Commercial,2000,0.1,1.8900000000000001,0.052,0.0,17.749,13.349,0.08399999999999999,0.0,33.223,0.0,0.0,0.0,0.0
2,Commercial,2001,0.07300000000000001,2.0620000000000003,0.064,0.0,16.622,6.124,0.068,0.0,25.009999999999998,0.0,0.0,0.0,0.0
2,Commercial,2002,0.01,2.181,0.075,0.0,17.085,6.567,0.10300000000000001,0.0,26.021,0.0,0.0,0.0,0.0
2,Commercial,2003,0.067,2.742,0.087,0.0,17.776,7.39,0.198,0.0,28.26,0.0,0.0,0.0,0.0
2,Commercial,2004,0.125,2.984,0.108,0.0,17.386,8.81,0.19,0.0,29.603,0.0,0.0,0.0,0.0
2,Commercial,2005,0.108,3.391,0.162,0.0,17.4,8.682,0.20700000000000002,0.0,29.95,0.0,0.0,0.0,0.0
2,Commercial,2006,0.096,3.491,0.236,0.0,16.212,9.386,0.31,0.0,29.730999999999998,0.0,0.0,0.0,0.0
2,Commercial,2007,0.097,3.591,0.333,0.0,17.346,7.789,0.46199999999999997,0.0,29.618000000000002,0.0,0.0,0.0,0.0
2,Commercial,2008,0.07300000000000001,3.68,0.537,0.0,18.107,8.966999999999999,0.522,0.0,31.886,0.0,0.0,0.0,0.0
2,Commercial,2009,0.089,4.164,0.72,0.0,18.081,9.457,0.701,0.0,33.213,0.0,0.0,0.0,0.0
2,Commercial,2010,0.11299999999999999,4.6129999999999995,1.103,0.013000000000000001,17.85,9.995000000000001,0.835,0.0,34.522999999999996,0.0,0.0,0.0,0.0
2,Commercial,2011,0.026,4.911,1.895,0.047,17.264,10.637,0.735,0.0,35.513999999999996,0.0,0.0,0.0,0.0
2,Commercial,2012,0.026000000000000002,4.899,3.1390000000000002,0.047,15.076,11.117,0.655,0.0,34.958,0.0,0.0,0.0,0.0
2,Commercial,2013,0.046,4.911,4.2780000000000005,0.049,17.366,11.995000000000001,0.684,0.0,39.329,0.0,0.0,0.0,0.0
2,Commercial,2014,0.037,4.911,5.453,0.082,19.061,11.655999999999999,0.913,0.0,42.117,0.0,0.0,0.0,0.0
2,Commercial,2015,0.03,4.911,6.135,0.10200000000000001,19.563,11.797,6.439,0.0,48.977000000000004,0.0,0.0,0.0,0.0
2,Commercial,2016,0.132,4.899,6.656000000000001,0.108,20.732,11.974,6.401999999999999,0.0,50.900000000000006,0.0,0.0,0.0,0.0
2,Commercial,2017,0.263,4.911,8.22,0.131,20.665,11.898,6.393,0.0,52.482,0.0,0.0,0.0,0.0
2,Commercial,2018,0.235,4.911,10.475999999999999,0.149,20.794,11.861,6.432,0.0,54.859,0.0,0.0,0.0,0.0
2,Commercial,2019,0.201,5.247,11.725,0.15,20.747,9.236,6.614000000000001,0.0,53.919,0.0,0.0,0.0,0.0
2,Commercial,2020,0.212,5.28,13.613,0.16199999999999998,20.624,9.370000000000001,5.771000000000001,0.0,55.031000000000006,0.0,0.0,0.0,0.0
2,Commercial,2021,0.23399999999999999,5.35,16.011,0.14300000000000002,20.383000000000003,9.593,6.807,0.0,58.522,0.0,0.0,0.0,0.0
2,Commercial,2022,0.252,4.911,18.792,0.164,20.757,18.803,8.004999999999999,0.0,71.684,0.0,0.0,0.0,0.0
2,Commercial,2023,0.0,4.911,20.587,0.138,20.268,17.371000000000002,8.079,0.0,71.592,0.0,0.0,0.0,0.0
2,Electric Power,1973,0.0,1.626,0.0,0.0,0.153,0.5599999999999999,0.0,0.0,250.10899999999998,0.0,0.0,247.772,0.0
2,Electric Power,1974,0.0,1.9780000000000002,0.0,0.0,0.324,0.44999999999999996,0.0,0.0,283.81,0.0,0.0,281.057,0.0
2,Electric Power,1975,0.0,2.567,0.0,0.0,0.039,0.483,0.0,0.0,281.1,0.0,0.0,278.011,0.0
2,Electric Power,1976,0.0,2.993,0.0,0.0,0.078,0.42100000000000004,0.0,0.0,260.128,0.0,0.0,256.636,0.0
2,Electric Power,1977,0.0,2.931,0.0,0.0,0.968,0.45899999999999996,0.0,0.0,190.46699999999998,0.0,0.0,186.109,0.0
2,Electric Power,1978,0.0,1.956,0.0,0.0,0.156,0.323,0.0,0.0,272.611,0.0,0.0,270.176,0.0
2,Electric Power,1979,0.0,3.136,0.0,0.0,0.712,0.529,0.0,0.0,274.969,0.0,0.0,270.594,0.0
2,Electric Power,1980,0.0,4.255,0.0,0.0,0.397,0.395,0.0,0.0,285.747,0.0,0.0,280.702,0.0
2,Electric Power,1981,0.0,4.704,0.0,0.0,0.512,0.292,0.0,0.0,248.351,0.0,0.0,242.84500000000003,0.0
2,Electric Power,1982,0.0,3.7780000000000005,0.0,0.0,0.314,0.308,0.0,0.0,290.5,0.0,0.0,286.102,0.0
2,Electric Power,1983,0.0,3.95,0.0,0.003,0.377,0.51,0.0,0.0,318.315,0.0,0.0,313.475,0.0
2,Electric Power,1984,0.0,6.373,0.006,0.007,0.472,1.095,0.0,0.0,316.93399999999997,0.0,0.0,308.97900000000004,0.0
2,Electric Power,1985,0.0,7.2330000000000005,0.014,0.004,0.877,1.8559999999999999,0.0,0.0,264.733,0.0,0.0,254.74900000000002,0.0
2,Electric Power,1986,0.0,8.603,0.016,0.007,0.741,1.7559999999999998,0.0,0.0,287.329,0.0,0.0,276.206,0.0
2,Electric Power,1987,0.0,9.151,0.014,0.004,1.771,1.98,0.0,0.0,241.833,0.0,0.0,228.91000000000003,0.0
2,Electric Power,1988,0.0,8.454,0.011,0.0,1.946,2.227,0.0,0.0,214.54399999999998,0.0,0.0,201.906,0.0
2,Electric Power,1989,0.0,12.526,0.208,2.043,20.887999999999998,29.108,0.0,0.0,335.081,0.0,0.0,270.30899999999997,0.0
2,Electric Power,1990,0.0,12.571,0.383,4.016,25.836,46.876,0.0,0.0,371.442,0.0,0.0,281.76,0.0
2,Electric Power,1991,0.0,13.2,0.46499999999999997,2.58,21.799,60.681,0.0,0.0,380.814,0.0,0.0,282.09000000000003,0.0
2,Electric Power,1992,0.0,13.615000000000002,0.41700000000000004,1.6640000000000001,24.397,65.22800000000001,0.0,0.0,333.494,0.0,0.0,228.174,0.0
2,Electric Power,1993,0.0,13.786,0.475,2.827,25.669,64.299,0.0,0.0,394.881,0.0,0.0,287.823,0.0
2,Electric Power,1994,0.0,12.95,0.528,3.92,27.28,71.87899999999999,0.0,0.0,368.447,0.0,0.0,251.889,0.0
2,Electric Power,1995,0.0,7.861,0.685,3.118,26.818,71.056,0.0,0.0,386.38800000000003,0.0,0.0,276.85,0.0
2,Electric Power,1996,0.0,9.625,0.857,3.452,26.119,71.744,0.0,0.0,437.13199999999995,0.0,0.0,325.336,0.0
2,Electric Power,1997,0.0,12.308,0.658,4.066,31.444000000000003,81.481,0.0,0.0,468.001,0.0,0.0,338.044,0.0
2,Electric Power,1998,0.0,9.373000000000001,0.546,2.13,28.899,76.816,0.0,0.0,433.554,0.0,0.0,315.789,0.0
2,Electric Power,1999,0.0,12.209,0.628,3.08,37.228,86.55799999999999,0.0,0.0,431.69100000000003,0.0,0.0,291.988,0.0
2,Electric Power,2000,0.0,12.274,0.512,4.042999999999999,31.106,89.94800000000001,0.0,0.0,410.328,0.0,0.0,272.446,0.0
2,Electric Power,2001,0.0,11.104000000000001,0.72,6.788,31.092,52.831999999999994,0.0,0.0,297.113,0.0,0.0,194.578,0.0
2,Electric Power,2002,0.0,11.879,0.679,11.015,34.491,56.150999999999996,0.0,0.0,381.243,0.0,0.0,267.029,0.0
2,Electric Power,2003,0.0,12.14,0.747,10.736,36.993,57.374,0.0,0.0,396.86,0.0,0.0,278.871,0.0
2,Electric Power,2004,0.0,12.262,0.773,14.991,36.203,56.332,0.0,0.0,357.806,0.0,0.0,237.245,0.0
2,Electric Power,2005,0.0,12.623000000000001,0.778,17.881999999999998,41.861,55.378,0.0,0.0,388.702,0.0,0.0,260.181,0.0
2,Electric Power,2006,0.0,11.681999999999999,0.657,23.823999999999998,40.257999999999996,55.641999999999996,0.0,0.0,434.22900000000004,0.0,0.0,302.16700000000003,0.0
2,Electric Power,2007,0.0,12.116,0.7609999999999999,29.836,44.031,57.897000000000006,0.0,0.0,391.165,0.0,0.0,246.523,0.0
2,Electric Power,2008,0.0,12.751,1.095,53.589,39.751,64.227,0.0,0.0,438.02700000000004,0.0,0.0,266.612,0.0
2,Electric Power,2009,0.0,12.508,1.069,65.917,40.257,64.911,0.0,0.0,471.23400000000004,0.0,0.0,286.572,0.0
2,Electric Power,2010,0.0,13.016000000000002,1.501,90.44200000000001,45.351,65.672,0.0,0.0,466.805,0.0,0.0,250.825,0.0
2,Electric Power,2011,0.0,12.867,1.8639999999999999,119.981,40.763999999999996,61.757000000000005,0.0,0.0,562.7139999999999,0.0,0.0,325.47900000000004,0.0
2,Electric Power,2012,0.0,13.067,4.292,126.938,43.102000000000004,63.855000000000004,0.0,0.0,527.701,0.0,0.0,276.445,0.0
2,Electric Power,2013,0.0,13.17,7.516,161.863,45.772,64.791,0.0,0.0,566.11,0.0,0.0,272.998,0.0
2,Electric Power,2014,0.0,13.441,17.216,170.594,57.24,70.443,0.0,0.0,592.886,0.0,0.0,263.953,0.0
2,Electric Power,2015,0.0,13.526,24.928,165.128,56.863,67.916,0.0,0.0,542.031,0.0,0.0,213.668,0.0
2,Electric Power,2016,0.0,12.972999999999999,32.837,190.74099999999999,49.092,70.874,0.0,0.0,609.74,0.0,0.0,253.224,0.0
2,Electric Power,2017,0.0,13.398,56.744,233.812,51.972,69.47200000000001,0.0,0.0,739.569,0.0,0.0,314.171,0.0
2,Electric Power,2018,0.0,13.206,68.71000000000001,255.971,52.17700000000001,68.447,0.0,0.0,751.2950000000001,0.0,0.0,292.786,0.0
2,Electric Power,2019,0.0,13.054,73.985,262.96500000000003,46.043000000000006,60.891000000000005,0.0,0.0,755.5429999999999,0.0,0.0,298.605,0.0
2,Electric Power,2020,0.0,13.318999999999999,92.157,301.0,40.681,59.513000000000005,0.0,0.0,782.434,0.0,0.0,275.764,0.0
2,Electric Power,2021,0.0,12.867,120.493,329.418,44.994,57.199,0.0,0.0,789.648,0.0,0.0,224.679,0.0
2,Electric Power,2022,0.0,13.257,151.085,416.18399999999997,45.873000000000005,43.131,0.0,0.0,905.261,0.0,0.0,235.731,0.0
2,Electric Power,2023,0.0,13.616,167.245,350.113,39.821,40.891,0.0,0.0,830.4209999999999,0.0,0.0,218.73399999999998,0.0
2,Industrial,1973,3.083,0.0,0.0,0.0,290.415,0.0,0.0,0.0,293.498,0.0,0.0,0.0,0.0
2,Industrial,1974,2.968,0.0,0.0,0.0,288.974,0.0,0.0,0.0,291.942,0.0,0.0,0.0,0.0
2,Industrial,1975,2.9099999999999997,0.0,0.0,0.0,265.089,0.0,0.0,0.0,268.0,0.0,0.0,0.0,0.0
2,Industrial,1976,2.99,0.0,0.0,0.0,303.303,0.0,0.0,0.0,306.29200000000003,0.0,0.0,0.0,0.0
2,Industrial,1977,2.637,0.0,0.0,0.0,319.434,0.0,0.0,0.0,322.071,0.0,0.0,0.0,0.0
2,Industrial,1978,2.935,0.0,0.0,0.0,349.14599999999996,0.0,0.0,0.0,352.081,0.0,0.0,0.0,0.0
2,Industrial,1979,3.1849999999999996,0.0,0.0,0.0,350.253,0.0,0.0,0.0,353.438,0.0,0.0,0.0,0.0
2,Industrial,1980,3.2359999999999998,0.0,0.0,0.0,397.815,0.0,0.0,0.0,401.05,0.0,0.0,0.0,0.0
2,Industrial,1981,3.2359999999999998,0.0,0.0,0.0,399.402,21.621000000000002,0.021,1.462,425.741,0.0,0.0,0.0,0.0
2,Industrial,1982,3.2359999999999998,0.0,0.0,0.0,377.962,29.342,0.051000000000000004,3.9349999999999996,414.526,0.0,0.0,0.0,0.0
2,Industrial,1983,3.2359999999999998,0.0,0.0,0.0,421.342,38.715,0.076,7.192,470.56100000000004,0.0,0.0,0.0,0.0
2,Industrial,1984,3.2359999999999998,0.0,0.0,0.0,417.456,50.614000000000004,0.13,8.742,480.17900000000003,0.0,0.0,0.0,0.0
2,Industrial,1985,3.2359999999999998,0.0,0.0,0.0,410.122,57.251,0.21200000000000002,10.519,481.341,0.0,0.0,0.0,0.0
2,Industrial,1986,3.2359999999999998,0.0,0.0,0.0,401.398,63.751,0.22399999999999998,12.042000000000002,480.65,0.0,0.0,0.0,0.0
2,Industrial,1987,3.2359999999999998,0.0,0.0,0.0,392.91999999999996,70.249,0.251,13.738,480.395,0.0,0.0,0.0,0.0
2,Industrial,1988,3.2359999999999998,0.0,0.0,0.0,404.031,76.507,0.23299999999999998,13.789000000000001,497.794,0.0,0.0,0.0,0.0
2,Industrial,1989,2.734,0.44899999999999995,0.003,0.0,358.19,48.97,0.246,13.911000000000001,424.502,0.0,0.0,0.0,0.0
2,Industrial,1990,2.893,0.473,0.003,0.0,305.176,47.95,0.20600000000000002,12.248000000000001,368.951,0.0,0.0,0.0,0.0
2,Industrial,1991,2.805,0.524,0.003,0.0,269.692,46.646,0.249,14.077,333.997,0.0,0.0,0.0,0.0
2,Industrial,1992,2.692,0.546,0.003,0.0,276.66999999999996,44.389,0.28200000000000003,15.828,340.413,0.0,0.0,0.0,0.0
2,Industrial,1993,2.9770000000000003,0.598,0.005,0.0,278.89,44.869,0.272,18.644,346.255,0.0,0.0,0.0,0.0
2,Industrial,1994,5.978000000000001,0.698,0.006,0.0,306.223,49.922,0.319,18.573,381.71799999999996,0.0,0.0,0.0,0.0
2,Industrial,1995,4.808,0.749,0.006,0.0,367.358,48.263,0.38,22.154,443.716,0.0,0.0,0.0,0.0
2,Industrial,1996,5.604,0.722,0.006,0.0,344.639,55.201,0.23,11.972,418.374,0.0,0.0,0.0,0.0
2,Industrial,1997,5.48,0.773,0.008,0.0,406.572,46.464,0.322,19.562,479.181,0.0,0.0,0.0,0.0
2,Industrial,1998,5.314,0.749,0.009000000000000001,0.0,353.846,44.973,0.312,20.602,425.803,0.0,0.0,0.0,0.0
2,Industrial,1999,4.415,1.022,0.01,0.0,428.513,43.431,0.253,21.681,499.326,0.0,0.0,0.0,0.0
2,Industrial,2000,4.152,1.095,0.012,0.0,385.526,37.263999999999996,0.28400000000000003,24.515,452.84700000000004,0.0,0.0,0.0,0.0
2,Industrial,2001,2.9589999999999996,1.186,0.014,0.0,349.241,31.125,0.53,25.281,410.337,0.0,0.0,0.0,0.0
2,Industrial,2002,2.926,1.193,0.017,0.0,339.35900000000004,35.152,0.7030000000000001,29.351,408.703,0.0,0.0,0.0,0.0
2,Industrial,2003,3.3739999999999997,0.847,0.02,0.0,334.845,34.726,1.0659999999999998,40.885,415.764,0.0,0.0,0.0,0.0
2,Industrial,2004,2.017,0.944,0.023,0.0,361.949,33.061,1.584,49.67399999999999,449.25300000000004,0.0,0.0,0.0,0.0
2,Industrial,2005,2.843,1.071,0.035,0.0,354.948,36.999,1.613,53.679,451.19100000000003,0.0,0.0,0.0,0.0
2,Industrial,2006,1.8559999999999999,1.0979999999999999,0.052,0.0,356.804,31.852,2.398,65.772,459.83000000000004,0.0,0.0,0.0,0.0
2,Industrial,2007,1.6159999999999999,1.171,0.074,0.0,351.097,33.885,2.3120000000000003,87.571,477.728,0.0,0.0,0.0,0.0
2,Industrial,2008,1.6099999999999999,1.2429999999999999,0.119,0.0,336.951,34.137,2.856,125.375,502.28999999999996,0.0,0.0,0.0,0.0
2,Industrial,2009,1.867,1.047,0.16,0.0,282.212,36.413,3.215,142.315,467.22900000000004,0.0,0.0,0.0,0.0
2,Industrial,2010,1.6520000000000001,1.047,0.245,0.0,345.399,41.172,4.181,177.335,571.033,0.0,0.0,0.0,0.0
2,Industrial,2011,1.816,1.047,0.406,0.003,349.17,38.542,4.239,185.735,580.9590000000001,0.0,0.0,0.0,0.0
2,Industrial,2012,1.9289999999999998,1.044,0.673,0.016,354.746,37.465,4.285,182.034,582.19,0.0,0.0,0.0,0.0
2,Industrial,2013,3.093,1.047,0.903,0.032,365.81600000000003,45.891999999999996,4.501,179.266,600.548,0.0,0.0,0.0,0.0
2,Industrial,2014,1.215,1.047,1.127,0.046,368.875,47.34,3.566,191.68099999999998,614.895,0.0,0.0,0.0,0.0
2,Industrial,2015,1.294,1.047,1.446,0.046,366.767,46.263,4.417,195.82999999999998,617.11,0.0,0.0,0.0,0.0
2,Industrial,2016,1.183,1.044,2.068,0.055999999999999994,357.247,42.838,4.477,199.00199999999998,607.914,0.0,0.0,0.0,0.0
2,Industrial,2017,1.491,1.047,2.407,0.077,354.23,40.576,4.684,206.024,610.538,0.0,0.0,0.0,0.0
2,Industrial,2018,0.946,1.047,2.694,0.078,352.544,40.099000000000004,4.73,212.068,614.207,0.0,0.0,0.0,0.0
2,Industrial,2019,1.039,1.047,3.1500000000000004,0.09,343.108,37.634,4.7780000000000005,212.174,603.02,0.0,0.0,0.0,0.0
2,Industrial,2020,0.977,1.044,3.588,0.261,333.744,39.141999999999996,4.183,142.124,525.0640000000001,0.0,0.0,0.0,0.0
2,Industrial,2021,0.7969999999999999,1.047,4.047,0.092,342.038,39.363,4.803,198.921,591.11,0.0,0.0,0.0,0.0
2,Industrial,2022,0.853,1.047,4.3919999999999995,0.115,329.645,40.066,5.029,202.378,583.524,0.0,0.0,0.0,0.0
2,Industrial,2023,0.728,1.047,4.816,0.106,299.666,39.808,5.075,201.894,553.141,0.0,0.0,0.0,0.0
2,Residential,1973,0.0,0.0,0.0,0.0,88.282,0.0,0.0,0.0,88.282,0.0,0.0,0.0,0.0
2,Residential,1974,0.0,0.0,0.0,0.0,92.48400000000001,0.0,0.0,0.0,92.48400000000001,0.0,0.0,0.0,0.0
2,Residential,1975,0.0,0.0,0.0,0.0,106.061,0.0,0.0,0.0,106.061,0.0,0.0,0.0,0.0
2,Residential,1976,0.0,0.0,0.0,0.0,119.75,0.0,0.0,0.0,119.75,0.0,0.0,0.0,0.0
2,Residential,1977,0.0,0.0,0.0,0.0,135.074,0.0,0.0,0.0,135.074,0.0,0.0,0.0,0.0
2,Residential,1978,0.0,0.0,0.0,0.0,155.03699999999998,0.0,0.0,0.0,155.03699999999998,0.0,0.0,0.0,0.0
2,Residential,1979,0.0,0.0,0.0,0.0,181.52100000000002,0.0,0.0,0.0,181.52100000000002,0.0,0.0,0.0,0.0
2,Residential,1980,0.0,0.0,0.0,0.0,211.339,0.0,0.0,0.0,211.339,0.0,0.0,0.0,0.0
2,Residential,1981,0.0,0.0,0.0,0.0,216.904,0.0,0.0,0.0,216.904,0.0,0.0,0.0,0.0
2,Residential,1982,0.0,0.0,0.0,0.0,241.836,0.0,0.0,0.0,241.836,0.0,0.0,0.0,0.0
2,Residential,1983,0.0,0.0,0.0,0.0,241.836,0.0,0.0,0.0,241.836,0.0,0.0,0.0,0.0
2,Residential,1984,0.0,0.0,0.0,0.0,243.661,0.0,0.0,0.0,243.661,0.0,0.0,0.0,0.0
2,Residential,1985,0.0,0.0,0.0,0.0,251.809,0.0,0.0,0.0,251.809,0.0,0.0,0.0,0.0
2,Residential,1986,0.0,0.0,0.0,0.0,229.369,0.0,0.0,0.0,229.369,0.0,0.0,0.0,0.0
2,Residential,1987,0.0,0.0,0.0,0.0,211.918,0.0,0.0,0.0,211.918,0.0,0.0,0.0,0.0
2,Residential,1988,0.0,0.0,0.0,0.0,226.257,0.0,0.0,0.0,226.257,0.0,0.0,0.0,0.0
2,Residential,1989,0.0,1.2469999999999999,14.719,0.0,229.369,0.0,0.0,0.0,245.336,0.0,0.0,0.0,0.0
2,Residential,1990,0.0,1.371,15.593,0.0,144.602,0.0,0.0,0.0,161.567,0.0,0.0,0.0,0.0
2,Residential,1991,0.0,1.471,16.082,0.0,152.082,0.0,0.0,0.0,169.63400000000001,0.0,0.0,0.0,0.0
2,Residential,1992,0.0,1.592,16.657,0.0,159.126,0.0,0.0,0.0,177.374,0.0,0.0,0.0,0.0
2,Residential,1993,0.0,1.6960000000000002,17.125,0.0,137.122,0.0,0.0,0.0,155.94299999999998,0.0,0.0,0.0,0.0
2,Residential,1994,0.0,1.5470000000000002,17.592,0.0,129.644,0.0,0.0,0.0,148.781,0.0,0.0,0.0,0.0
2,Residential,1995,0.0,1.645,17.859,0.0,129.644,0.0,0.0,0.0,149.148,0.0,0.0,0.0,0.0
2,Residential,1996,0.0,1.7409999999999999,18.017,0.0,134.262,0.0,0.0,0.0,154.02,0.0,0.0,0.0,0.0
2,Residential,1997,0.0,1.869,17.772,0.0,107.205,0.0,0.0,0.0,126.848,0.0,0.0,0.0,0.0
2,Residential,1998,0.0,1.92,17.57,0.0,94.74000000000001,0.0,0.0,0.0,114.23,0.0,0.0,0.0,0.0
2,Residential,1999,0.0,2.12,17.157,0.0,97.233,0.0,0.0,0.0,116.50800000000001,0.0,0.0,0.0,0.0
2,Residential,2000,0.0,2.138,16.391000000000002,0.0,104.426,0.0,0.0,0.0,122.956,0.0,0.0,0.0,0.0
2,Residential,2001,0.0,2.357,15.651,0.0,92.247,0.0,0.0,0.0,110.253,0.0,0.0,0.0,0.0
2,Residential,2002,0.0,2.545,15.099,0.0,94.74000000000001,0.0,0.0,0.0,112.384,0.0,0.0,0.0,0.0
2,Residential,2003,0.0,3.24,14.661000000000001,0.0,99.727,0.0,0.0,0.0,117.62700000000001,0.0,0.0,0.0,0.0
2,Residential,2004,0.0,3.4819999999999998,14.438,0.0,101.941,0.0,0.0,0.0,119.85900000000001,0.0,0.0,0.0,0.0
2,Residential,2005,0.0,3.964,14.088000000000001,0.0,107.205,0.0,0.0,0.0,125.257,0.0,0.0,0.0,0.0
2,Residential,2006,0.0,4.562,14.653,0.0,94.74000000000001,0.0,0.0,0.0,113.95499999999998,0.0,0.0,0.0,0.0
2,Residential,2007,0.0,5.484,15.247,0.0,104.713,0.0,0.0,0.0,125.445,0.0,0.0,0.0,0.0
2,Residential,2008,0.0,6.564,15.938,0.0,116.859,0.0,0.0,0.0,139.36,0.0,0.0,0.0,0.0
2,Residential,2009,0.0,8.178,16.094,0.0,125.655,0.0,0.0,0.0,149.927,0.0,0.0,0.0,0.0
2,Residential,2010,0.0,9.175,16.839,0.0,134.762,0.0,0.0,0.0,160.774,0.0,0.0,0.0,0.0
2,Residential,2011,0.0,9.873,17.759,0.0,130.70600000000002,0.0,0.0,0.0,158.338,0.0,0.0,0.0,0.0
2,Residential,2012,0.0,9.846,18.912,0.0,108.924,0.0,0.0,0.0,137.684,0.0,0.0,0.0,0.0
2,Residential,2013,0.0,9.873,20.462,0.0,142.52100000000002,0.0,0.0,0.0,172.857,0.0,0.0,0.0,0.0
2,Residential,2014,0.0,9.873,22.325,0.0,144.238,0.0,0.0,0.0,176.434,0.0,0.0,0.0,0.0
2,Residential,2015,0.0,9.873,24.863999999999997,0.0,127.833,0.0,0.0,0.0,162.571,0.0,0.0,0.0,0.0
2,Residential,2016,0.0,9.846,29.255,0.0,110.553,0.0,0.0,0.0,149.65300000000002,0.0,0.0,0.0,0.0
2,Residential,2017,0.0,9.873,33.453,0.0,107.101,0.0,0.0,0.0,150.427,0.0,0.0,0.0,0.0
2,Residential,2018,0.0,9.873,36.922,0.0,130.85500000000002,0.0,0.0,0.0,177.65,0.0,0.0,0.0,0.0
2,Residential,2019,0.0,9.873,40.632,0.0,136.003,0.0,0.0,0.0,186.50799999999998,0.0,0.0,0.0,0.0
2,Residential,2020,0.0,9.846,45.114000000000004,0.0,85.801,0.0,0.0,0.0,140.761,0.0,0.0,0.0,0.0
2,Residential,2021,0.0,9.873,50.959,0.0,85.795,0.0,0.0,0.0,146.625,0.0,0.0,0.0,0.0
2,Residential,2022,0.0,9.873,58.894,0.0,105.332,0.0,0.0,0.0,174.099,0.0,0.0,0.0,0.0
2,Residential,2023,0.0,9.873,69.07300000000001,0.0,112.273,0.0,0.0,0.0,191.218,0.0,0.0,0.0,0.0
2,Transportation,1973,0.0,0.0,0.0,0.0,0.0,0.0,0.0,0.0,0.0,0.0,0.0,0.0,0.0
2,Transportation,1974,0.0,0.0,0.0,0.0,0.0,0.0,0.0,0.0,0.0,0.0,0.0,0.0,0.0
2,Transportation,1975,0.0,0.0,0.0,0.0,0.0,0.0,0.0,0.0,0.0,0.0,0.0,0.0,0.0
2,Transportation,1976,0.0,0.0,0.0,0.0,0.0,0.0,0.0,0.0,0.0,0.0,0.0,0.0,0.0
2,Transportation,1977,0.0,0.0,0.0,0.0,0.0,0.0,0.0,0.0,0.0,0.0,0.0,0.0,0.0
2,Transportation,1978,0.0,0.0,0.0,0.0,0.0,0.0,0.0,0.0,0.0,0.0,0.0,0.0,0.0
2,Transportation,1979,0.0,0.0,0.0,0.0,0.0,0.0,0.0,0.0,0.0,0.0,0.0,0.0,0.0
2,Transportation,1980,0.0,0.0,0.0,0.0,0.0,0.0,0.0,0.0,0.0,0.0,0.0,0.0,0.0
2,Transportation,1981,0.0,0.0,0.0,0.0,0.0,0.0,1.677,0.0,0.0,0.0,0.0,0.0,0.0
2,Transportation,1982,0.0,0.0,0.0,0.0,0.0,0.0,4.558999999999999,0.0,0.0,0.0,0.0,0.0,0.0
2,Transportation,1983,0.0,0.0,0.0,0.0,0.0,0.0,8.408,0.0,0.0,0.0,0.0,0.0,0.0
2,Transportation,1984,0.0,0.0,0.0,0.0,0.0,0.0,10.259,0.0,0.0,0.0,0.0,0.0,0.0
2,Transportation,1985,0.0,0.0,0.0,0.0,0.0,0.0,12.4,0.0,0.0,0.0,0.0,0.0,0.0
2,Transportation,1986,0.0,0.0,0.0,0.0,0.0,0.0,14.32,0.0,0.0,0.0,0.0,0.0,0.0
2,Transportation,1987,0.0,0.0,0.0,0.0,0.0,0.0,16.474,0.0,0.0,0.0,0.0,0.0,0.0
2,Transportation,1988,0.0,0.0,0.0,0.0,0.0,0.0,16.689,0.0,0.0,0.0,0.0,0.0,0.0
2,Transportation,1989,0.0,0.0,0.0,0.0,0.0,0.0,16.977,0.0,0.0,0.0,0.0,0.0,0.0
2,Transportation,1990,0.0,0.0,0.0,0.0,0.0,0.0,15.064,0.0,0.0,0.0,0.0,0.0,0.0
2,Transportation,1991,0.0,0.0,0.0,0.0,0.0,0.0,17.475,0.0,0.0,0.0,0.0,0.0,0.0
2,Transportation,1992,0.0,0.0,0.0,0.0,0.0,0.0,19.828,0.0,0.0,0.0,0.0,0.0,0.0
2,Transportation,1993,0.0,0.0,0.0,0.0,0.0,0.0,21.435,0.0,0.0,0.0,0.0,0.0,0.0
2,Transportation,1994,0.0,0.0,0.0,0.0,0.0,0.0,23.657,0.0,0.0,0.0,0.0,0.0,0.0
2,Transportation,1995,0.0,0.0,0.0,0.0,0.0,0.0,27.72,0.0,0.0,0.0,0.0,0.0,0.0
2,Transportation,1996,0.0,0.0,0.0,0.0,0.0,0.0,17.008,0.0,0.0,0.0,0.0,0.0,0.0
2,Transportation,1997,0.0,0.0,0.0,0.0,0.0,0.0,22.761000000000003,0.0,0.0,0.0,0.0,0.0,0.0
2,Transportation,1998,0.0,0.0,0.0,0.0,0.0,0.0,24.206,0.0,0.0,0.0,0.0,0.0,0.0
2,Transportation,1999,0.0,0.0,0.0,0.0,0.0,0.0,26.500999999999998,0.0,0.0,0.0,0.0,0.0,0.0
2,Transportation,2000,0.0,0.0,0.0,0.0,0.0,0.0,30.112000000000002,0.0,0.0,0.0,0.0,0.0,0.0
2,Transportation,2001,0.0,0.0,0.0,0.0,0.0,0.0,28.83,0.0,0.0,0.0,0.0,0.0,0.268
2,Transportation,2002,0.0,0.0,0.0,0.0,0.0,0.0,37.477000000000004,0.0,0.0,0.0,0.0,0.0,0.482
2,Transportation,2003,0.0,0.0,0.0,0.0,0.0,0.0,54.641,0.0,0.0,0.0,0.0,0.0,0.336
2,Transportation,2004,0.0,0.0,0.0,0.0,0.0,0.0,72.189,0.0,0.0,0.0,0.0,0.0,0.812
2,Transportation,2005,0.0,0.0,0.0,0.0,0.0,0.0,77.214,0.0,0.0,0.0,0.0,0.0,2.937
2,Transportation,2006,0.0,0.0,0.0,0.0,0.0,0.0,109.551,0.0,0.0,0.0,0.0,0.0,8.831
2,Transportation,2007,0.0,0.0,0.0,0.0,0.0,0.0,130.849,0.0,0.0,0.0,0.0,0.0,9.232
2,Transportation,2008,0.0,0.0,0.0,0.0,0.0,0.0,192.742,0.0,0.0,0.0,0.0,0.0,4.84
2,Transportation,2009,0.0,0.0,0.0,0.0,0.0,0.0,222.274,0.0,0.0,0.0,0.0,0.0,8.932
2,Transportation,2010,0.0,0.0,0.0,0.0,0.0,0.0,262.89700000000005,0.0,0.0,0.0,0.0,0.0,9.028
2,Transportation,2011,0.0,0.0,0.0,0.0,0.0,0.0,264.674,0.0,0.0,1.838,0.0,0.0,26.42
2,Transportation,2012,0.0,0.0,0.0,0.0,0.0,0.0,268.18899999999996,0.0,0.0,2.362,0.0,0.0,36.031
2,Transportation,2013,0.0,0.0,0.0,0.0,0.0,0.0,274.743,0.0,0.0,6.071999999999999,0.0,0.0,41.565
2,Transportation,2014,0.0,0.0,0.0,0.0,0.0,0.0,275.24,0.0,0.0,10.953999999999999,0.331,0.0,42.74
2,Transportation,2015,0.0,0.0,0.0,0.0,0.0,0.0,279.322,0.0,0.0,11.436,0.476,0.0,53.687
2,Transportation,2016,0.0,0.0,0.0,0.0,0.0,0.0,283.648,0.0,0.0,14.937,0.473,0.0,62.374
2,Transportation,2017,0.0,0.0,0.0,0.0,0.0,0.0,293.789,0.0,0.0,16.175,0.798,0.0,71.595
2,Transportation,2018,0.0,0.0,0.0,0.0,0.0,0.0,290.978,0.0,0.0,15.295,0.589,0.0,63.735
2,Transportation,2019,0.0,0.0,0.0,0.0,0.0,0.0,296.276,0.0,0.0,24.576,1.1480000000000001,0.0,61.869
2,Transportation,2020,0.0,0.0,0.0,0.0,0.0,0.0,221.401,0.0,0.0,27.311,1.04,0.0,57.56
2,Transportation,2021,0.0,0.0,0.0,0.0,0.0,0.0,283.697,0.0,0.0,40.272999999999996,2.2199999999999998,0.0,56.074
2,Transportation,2022,0.0,0.0,0.0,0.0,0.0,0.0,282.392,0.0,0.0,56.775999999999996,6.317,0.0,54.794000000000004
2,Transportation,2023,0.0,0.0,0.0,0.0,0.0,0.0,284.948,0.0,0.0,101.065,8.59,0.0,63.271
3,Commercial,1973,0.0,0.0,0.0,0.0,1.6909999999999998,0.0,0.0,0.0,1.6909999999999998,0.0,0.0,0.0,0.0
3,Commercial,1974,0.0,0.0,0.0,0.0,1.769,0.0,0.0,0.0,1.769,0.0,0.0,0.0,0.0
3,Commercial,1975,0.0,0.0,0.0,0.0,2.0330000000000004,0.0,0.0,0.0,2.0330000000000004,0.0,0.0,0.0,0.0
3,Commercial,1976,0.0,0.0,0.0,0.0,2.2880000000000003,0.0,0.0,0.0,2.2880000000000003,0.0,0.0,0.0,0.0
3,Commercial,1977,0.0,0.0,0.0,0.0,2.593,0.0,0.0,0.0,2.593,0.0,0.0,0.0,0.0
3,Commercial,1978,0.0,0.0,0.0,0.0,2.9829999999999997,0.0,0.0,0.0,2.9829999999999997,0.0,0.0,0.0,0.0
3,Commercial,1979,0.0,0.0,0.0,0.0,3.481,0.0,0.0,0.0,3.481,0.0,0.0,0.0,0.0
3,Commercial,1980,0.0,0.0,0.0,0.0,5.279,0.0,0.0,0.0,5.279,0.0,0.0,0.0,0.0
3,Commercial,1981,0.0,0.0,0.0,0.0,5.2940000000000005,0.0,0.012,0.0,5.306,0.0,0.0,0.0,0.0
3,Commercial,1982,0.0,0.0,0.0,0.0,5.5440000000000005,0.0,0.033,0.0,5.579,0.0,0.0,0.0,0.0
3,Commercial,1983,0.0,0.0,0.0,0.0,5.5440000000000005,0.0,0.069,0.0,5.615,0.0,0.0,0.0,0.0
3,Commercial,1984,0.0,0.0,0.0,0.0,5.529,0.0,0.089,0.0,5.618,0.0,0.0,0.0,0.0
3,Commercial,1985,0.0,0.0,0.0,0.0,6.0489999999999995,0.0,0.095,0.0,6.143,0.0,0.0,0.0,0.0
3,Commercial,1986,0.0,0.0,0.0,0.0,6.805,0.0,0.11599999999999999,0.0,6.923,0.0,0.0,0.0,0.0
3,Commercial,1987,0.0,0.0,0.0,0.0,7.3100000000000005,0.0,0.137,0.0,7.446,0.0,0.0,0.0,0.0
3,Commercial,1988,0.0,0.0,0.0,0.0,8.043,0.0,0.134,0.0,8.178999999999998,0.0,0.0,0.0,0.0
3,Commercial,1989,0.052000000000000005,0.629,0.015,0.0,19.272,6.737,0.127,0.0,26.833,0.0,0.0,0.0,0.0
3,Commercial,1990,0.105,0.706,0.017,0.0,16.596,7.032,0.125,0.0,24.579,0.0,0.0,0.0,0.0
3,Commercial,1991,0.10400000000000001,0.757,0.018000000000000002,0.0,17.297,6.638999999999999,0.11199999999999999,0.0,24.928,0.0,0.0,0.0,0.0
3,Commercial,1992,0.095,0.804,0.02,0.0,18.152,8.543,0.11599999999999999,0.0,27.731,0.0,0.0,0.0,0.0
3,Commercial,1993,0.077,0.857,0.023,0.0,19.057000000000002,7.811999999999999,0.044,0.0,27.872,0.0,0.0,0.0,0.0
3,Commercial,1994,0.07300000000000001,1.059,0.026,0.0,18.08,8.4,0.041,0.0,27.677999999999997,0.0,0.0,0.0,0.0
3,Commercial,1995,0.094,1.134,0.028999999999999998,0.0,18.311,10.468,0.027,0.0,30.064,0.0,0.0,0.0,0.0
3,Commercial,1996,0.095,1.332,0.032,0.0,19.08,13.393,0.024999999999999998,0.0,33.96,0.0,0.0,0.0,0.0
3,Commercial,1997,0.094,1.436,0.037,0.0,18.491,14.294,0.069,0.0,34.422,0.0,0.0,0.0,0.0
3,Commercial,1998,0.094,1.79,0.041,0.0,16.15,13.677,0.069,0.0,31.820999999999998,0.0,0.0,0.0,0.0
3,Commercial,1999,0.093,1.689,0.049,0.0,16.811,13.355,0.048,0.0,32.045,0.0,0.0,0.0,0.0
3,Commercial,2000,0.079,1.911,0.055,0.0,17.963,11.787,0.093,0.0,31.886000000000003,0.0,0.0,0.0,0.0
3,Commercial,2001,0.046,2.084,0.067,0.0,16.837,6.633,0.082,0.0,25.748,0.0,0.0,0.0,0.0
3,Commercial,2002,0.012,2.205,0.078,0.0,17.366,7.3950000000000005,0.11399999999999999,0.0,27.172,0.0,0.0,0.0,0.0
3,Commercial,2003,0.06,2.7720000000000002,0.092,0.0,18.025,7.4239999999999995,0.199,0.0,28.572,0.0,0.0,0.0,0.0
3,Commercial,2004,0.048,3.016,0.113,0.0,17.599,8.75,0.186,0.0,29.712,0.0,0.0,0.0,0.0
3,Commercial,2005,0.024,3.428,0.16999999999999998,0.0,17.61,8.866,0.22799999999999998,0.0,30.326,0.0,0.0,0.0,0.0
3,Commercial,2006,0.022,3.529,0.248,0.0,16.415,8.977,0.336,0.0,29.527,0.0,0.0,0.0,0.0
3,Commercial,2007,0.007,3.63,0.35,0.0,17.435,7.856,0.497,0.0,29.772,0.0,0.0,0.0,0.0
3,Commercial,2008,0.026000000000000002,3.721,0.5640000000000001,0.0,18.346,8.711,0.5680000000000001,0.0,31.935000000000002,0.0,0.0,0.0,0.0
3,Commercial,2009,0.012,4.209,0.757,0.0,18.296,9.321,0.742,0.0,33.338,0.0,0.0,0.0,0.0
3,Commercial,2010,0.022,4.663,1.163,0.011,18.060000000000002,9.274000000000001,0.851,0.0,34.045,0.0,0.0,0.0,0.0
3,Commercial,2011,0.019,4.965,1.984,0.028999999999999998,17.439999999999998,11.153,0.733,0.0,36.323,0.0,0.0,0.0,0.0
3,Commercial,2012,0.02,4.953,3.2969999999999997,0.032,15.280000000000001,11.522,0.647,0.0,35.753,0.0,0.0,0.0,0.0
3,Commercial,2013,0.039,4.965,4.498,0.033,17.645,12.204,0.678,0.0,40.066,0.0,0.0,0.0,0.0
3,Commercial,2014,0.028999999999999998,4.965,5.5600000000000005,0.076,19.234,12.294,0.929,0.0,43.088,0.0,0.0,0.0,0.0
3,Commercial,2015,0.025,4.965,6.194,0.077,20.061999999999998,12.396,6.648,0.0,50.368,0.0,0.0,0.0,0.0
3,Commercial,2016,0.196,4.953,6.748,0.09,21.19,12.341999999999999,6.653,0.0,52.172,0.0,0.0,0.0,0.0
3,Commercial,2017,0.184,4.965,8.398,0.08499999999999999,20.898,11.884,6.4670000000000005,0.0,52.882000000000005,0.0,0.0,0.0,0.0
3,Commercial,2018,0.177,4.965,10.515,0.111,21.164,11.624,6.534,0.0,55.091,0.0,0.0,0.0,0.0
3,Commercial,2019,0.147,5.285,11.843,0.11599999999999999,21.259999999999998,9.743,6.538,0.0,54.93,0.0,0.0,0.0,0.0
3,Commercial,2020,0.181,5.274,13.625,0.115,20.678,9.595,6.927,0.0,56.397,0.0,0.0,0.0,0.0
3,Commercial,2021,0.213,5.387,16.005,0.11399999999999999,21.095,10.370000000000001,6.917,0.0,60.101,0.0,0.0,0.0,0.0
3,Commercial,2022,0.22699999999999998,4.965,18.782,0.089,21.119,19.185,8.002,0.0,72.37,0.0,0.0,0.0,0.0
3,Commercial,2023,0.0,4.965,20.533,0.076,20.679,18.247,8.129999999999999,0.0,72.82,0.0,0.0,0.0,0.0
3,Electric Power,1973,0.0,1.6829999999999998,0.0,0.0,0.404,0.532,0.0,0.0,209.437,0.0,0.0,206.81799999999998,0.0
3,Electric Power,1974,0.0,2.076,0.0,0.0,0.157,0.58,0.0,0.0,247.115,0.0,0.0,244.302,0.0
3,Electric Power,1975,0.0,3.081,0.0,0.0,0.052000000000000005,0.506,0.0,0.0,237.882,0.0,0.0,234.245,0.0
3,Electric Power,1976,0.0,3.205,0.0,0.0,0.098,0.547,0.0,0.0,243.62599999999998,0.0,0.0,239.777,0.0
3,Electric Power,1977,0.0,3.036,0.0,0.0,0.494,0.522,0.0,0.0,174.43200000000002,0.0,0.0,170.38,0.0
3,Electric Power,1978,0.0,2.747,0.0,0.0,0.448,0.401,0.0,0.0,234.98199999999997,0.0,0.0,231.38600000000002,0.0
3,Electric Power,1979,0.0,3.402,0.0,0.0,0.841,0.46,0.0,0.0,219.65500000000003,0.0,0.0,214.952,0.0
3,Electric Power,1980,0.0,4.6530000000000005,0.0,0.0,0.657,0.352,0.0,0.0,221.95300000000003,0.0,0.0,216.292,0.0
3,Electric Power,1981,0.0,5.116,0.0,0.0,0.45999999999999996,0.403,0.0,0.0,226.289,0.0,0.0,220.31,0.0
3,Electric Power,1982,0.0,4.618,0.0,0.0,0.514,0.312,0.0,0.0,247.98399999999998,0.0,0.0,242.54000000000002,0.0
3,Electric Power,1983,0.0,6.42,0.0,0.001,0.541,0.491,0.0,0.0,265.582,0.0,0.0,258.127,0.0
3,Electric Power,1984,0.0,6.6240000000000006,0.007,0.005,1.237,1.116,0.0,0.0,259.915,0.0,0.0,250.926,0.0
3,Electric Power,1985,0.0,7.958,0.016,0.004,2.118,1.723,0.0,0.0,216.679,0.0,0.0,204.86,0.0
3,Electric Power,1986,0.0,9.128,0.017,0.004,1.553,1.758,0.0,0.0,238.93,0.0,0.0,226.471,0.0
3,Electric Power,1987,0.0,9.544,0.013000000000000001,0.006,2.425,1.879,0.0,0.0,207.737,0.0,0.0,193.872,0.0
3,Electric Power,1988,0.0,9.092,0.011,0.0,2.648,2.318,0.0,0.0,183.375,0.0,0.0,169.30700000000002,0.0
3,Electric Power,1989,0.0,12.253,0.317,1.793,24.765,40.415,0.0,0.0,293.611,0.0,0.0,214.06799999999998,0.0
3,Electric Power,1990,0.0,13.3,0.433,0.956,33.987,47.613,0.0,0.0,315.407,0.0,0.0,219.117,0.0
3,Electric Power,1991,0.0,13.488,0.73,2.0140000000000002,34.619,57.287,0.0,0.0,336.403,0.0,0.0,228.264,0.0
3,Electric Power,1992,0.0,13.704,0.575,1.824,38.522,69.03399999999999,0.0,0.0,317.89,0.0,0.0,194.232,0.0
3,Electric Power,1993,0.0,14.58,0.639,1.181,38.018,61.944,0.0,0.0,332.245,0.0,0.0,215.882,0.0
3,Electric Power,1994,0.0,13.186,0.484,2.17,38.93,68.515,0.0,0.0,323.98,0.0,0.0,200.694,0.0
3,Electric Power,1995,0.0,11.511000000000001,0.6659999999999999,5.932,39.34,77.147,0.0,0.0,375.555,0.0,0.0,240.958,0.0
3,Electric Power,1996,0.0,15.186,0.386,4.441,39.731,75.877,0.0,0.0,394.736,0.0,0.0,259.115,0.0
3,Electric Power,1997,0.0,13.774999999999999,0.567,4.435,34.112,76.67,0.0,0.0,404.655,0.0,0.0,275.095,0.0
3,Electric Power,1998,0.0,13.684000000000001,0.702,4.929,35.699,77.726,0.0,0.0,382.957,0.0,0.0,250.21800000000002,0.0
3,Electric Power,1999,0.0,12.722,0.543,4.148,37.396,78.076,0.0,0.0,389.26300000000003,0.0,0.0,256.378,0.0
3,Electric Power,2000,0.0,11.632,0.718,3.714,33.587,79.423,0.0,0.0,343.793,0.0,0.0,214.716,0.0
3,Electric Power,2001,0.0,11.89,0.826,5.809,33.162,55.147,0.0,0.0,282.328,0.0,0.0,175.494,0.0
3,Electric Power,2002,0.0,12.572000000000001,0.727,8.881,39.954,61.239000000000004,0.0,0.0,337.786,0.0,0.0,214.412,0.0
3,Electric Power,2003,0.0,12.457,0.616,9.089,44.304,59.673,0.0,0.0,348.646,0.0,0.0,222.507,0.0
3,Electric Power,2004,0.0,12.703,0.736,11.276,44.22,56.109,0.0,0.0,345.741,0.0,0.0,220.699,0.0
3,Electric Power,2005,0.0,12.791999999999998,0.714,13.741,49.786,56.931,0.0,0.0,352.837,0.0,0.0,218.874,0.0
3,Electric Power,2006,0.0,12.863,0.6769999999999999,18.73,47.857,59.105000000000004,0.0,0.0,356.776,0.0,0.0,217.545,0.0
3,Electric Power,2007,0.0,12.702,0.782,26.355000000000004,46.652,61.038,0.0,0.0,341.73400000000004,0.0,0.0,194.203,0.0
3,Electric Power,2008,0.0,12.915,1.053,35.431,47.286,65.91,0.0,0.0,376.256,0.0,0.0,213.66,0.0
3,Electric Power,2009,0.0,12.704,1.134,51.419,47.525,66.96799999999999,0.0,0.0,384.297,0.0,0.0,204.546,0.0
3,Electric Power,2010,0.0,13.045,1.546,69.987,51.337,67.16499999999999,0.0,0.0,413.3,0.0,0.0,210.22,0.0
3,Electric Power,2011,0.0,12.861,1.964,74.456,49.622,65.672,0.0,0.0,471.02700000000004,0.0,0.0,266.454,0.0
3,Electric Power,2012,0.0,13.391,4.693,88.953,52.157,66.448,0.0,0.0,453.13300000000004,0.0,0.0,227.494,0.0
3,Electric Power,2013,0.0,13.506,8.973,110.5,56.393,66.19500000000001,0.0,0.0,477.475,0.0,0.0,221.909,0.0
3,Electric Power,2014,0.0,13.498000000000001,18.365000000000002,115.49000000000001,66.17699999999999,71.075,0.0,0.0,489.188,0.0,0.0,204.58100000000002,0.0
3,Electric Power,2015,0.0,13.318999999999999,25.237000000000002,138.857,65.253,73.502,0.0,0.0,507.038,0.0,0.0,190.869,0.0
3,Electric Power,2016,0.0,13.519,38.825,162.325,60.527,69.94,0.0,0.0,539.8720000000001,0.0,0.0,194.736,0.0
3,Electric Power,2017,0.0,13.878,53.999,163.344,59.199,69.38499999999999,0.0,0.0,589.934,0.0,0.0,230.127,0.0
3,Electric Power,2018,0.0,13.867999999999999,65.633,186.85399999999998,57.605000000000004,66.215,0.0,0.0,615.265,0.0,0.0,225.09300000000002,0.0
3,Electric Power,2019,0.0,13.794,77.144,227.042,54.876000000000005,61.883,0.0,0.0,659.0889999999999,0.0,0.0,224.352,0.0
3,Electric Power,2020,0.0,13.129999999999999,93.647,234.92000000000002,48.836,59.635000000000005,0.0,0.0,683.793,0.0,0.0,233.624,0.0
3,Electric Power,2021,0.0,13.331,119.92699999999999,265.219,53.847,57.051,0.0,0.0,711.245,0.0,0.0,201.86700000000002,0.0
3,Electric Power,2022,0.0,13.733,147.621,278.00800000000004,53.459,43.613,0.0,0.0,749.637,0.0,0.0,213.203,0.0
3,Electric Power,2023,0.0,13.629999999999999,177.265,288.769,44.521,41.968,0.0,0.0,765.816,0.0,0.0,199.665,0.0
3,Industrial,1973,2.545,0.0,0.0,0.0,293.607,0.0,0.0,0.0,296.152,0.0,0.0,0.0,0.0
3,Industrial,1974,2.471,0.0,0.0,0.0,292.15,0.0,0.0,0.0,294.621,0.0,0.0,0.0,0.0
3,Industrial,1975,2.304,0.0,0.0,0.0,268.002,0.0,0.0,0.0,270.306,0.0,0.0,0.0,0.0
3,Industrial,1976,2.37,0.0,0.0,0.0,306.63599999999997,0.0,0.0,0.0,309.005,0.0,0.0,0.0,0.0
3,Industrial,1977,2.414,0.0,0.0,0.0,322.944,0.0,0.0,0.0,325.358,0.0,0.0,0.0,0.0
3,Industrial,1978,2.513,0.0,0.0,0.0,352.983,0.0,0.0,0.0,355.496,0.0,0.0,0.0,0.0
3,Industrial,1979,2.5300000000000002,0.0,0.0,0.0,354.102,0.0,0.0,0.0,356.632,0.0,0.0,0.0,0.0
3,Industrial,1980,2.492,0.0,0.0,0.0,402.18600000000004,0.0,0.0,0.0,404.67999999999995,0.0,0.0,0.0,0.0
3,Industrial,1981,2.492,0.0,0.0,0.0,403.791,21.858,0.021,1.478,429.64199999999994,0.0,0.0,0.0,0.0
3,Industrial,1982,2.492,0.0,0.0,0.0,382.115,29.665,0.051000000000000004,3.979,418.303,0.0,0.0,0.0,0.0
3,Industrial,1983,2.492,0.0,0.0,0.0,425.972,39.141,0.077,7.271000000000001,474.953,0.0,0.0,0.0,0.0
3,Industrial,1984,2.492,0.0,0.0,0.0,422.043,51.17,0.131,8.838000000000001,484.677,0.0,0.0,0.0,0.0
3,Industrial,1985,2.492,0.0,0.0,0.0,414.629,57.879999999999995,0.214,10.634,485.851,0.0,0.0,0.0,0.0
3,Industrial,1986,2.492,0.0,0.0,0.0,405.809,64.451,0.22599999999999998,12.174000000000001,485.153,0.0,0.0,0.0,0.0
3,Industrial,1987,2.492,0.0,0.0,0.0,397.238,71.021,0.253,13.889,484.89599999999996,0.0,0.0,0.0,0.0
3,Industrial,1988,2.492,0.0,0.0,0.0,408.471,77.348,0.235,13.940000000000001,502.486,0.0,0.0,0.0,0.0
3,Industrial,1989,2.164,0.45399999999999996,0.003,0.0,396.044,52.388999999999996,0.249,14.064,465.367,0.0,0.0,0.0,0.0
3,Industrial,1990,2.25,0.478,0.003,0.0,377.387,48.526,0.20800000000000002,12.382,441.236,0.0,0.0,0.0,0.0
3,Industrial,1991,2.269,0.5289999999999999,0.003,0.0,380.269,46.496,0.252,14.231,444.05100000000004,0.0,0.0,0.0,0.0
3,Industrial,1992,2.292,0.552,0.005,0.0,394.418,45.331,0.28500000000000003,16.002000000000002,458.885,0.0,0.0,0.0,0.0
3,Industrial,1993,2.233,0.605,0.006,0.0,376.11,44.835,0.27,17.123,441.18,0.0,0.0,0.0,0.0
3,Industrial,1994,4.763,0.706,0.006,0.0,402.554,49.861999999999995,0.315,20.701,478.906,0.0,0.0,0.0,0.0
3,Industrial,1995,4.184,0.757,0.006,0.0,493.77099999999996,49.474000000000004,0.306,19.526,568.024,0.0,0.0,0.0,0.0
3,Industrial,1996,4.4639999999999995,0.73,0.007,0.0,469.19,56.239999999999995,0.189,11.350999999999999,542.17,0.0,0.0,0.0,0.0
3,Industrial,1997,4.46,0.781,0.009000000000000001,0.0,432.371,46.223,0.343,19.137,503.321,0.0,0.0,0.0,0.0
3,Industrial,1998,4.21,0.757,0.009000000000000001,0.0,415.154,45.476,0.349,20.994,486.951,0.0,0.0,0.0,0.0
3,Industrial,1999,3.876,1.033,0.011,0.0,431.109,42.976,0.253,20.992,500.252,0.0,0.0,0.0,0.0
3,Industrial,2000,3.271,1.107,0.012,0.0,409.578,36.408,0.313,23.951,474.63800000000003,0.0,0.0,0.0,0.0
3,Industrial,2001,2.734,1.199,0.015,0.0,363.18399999999997,30.43,0.641,26.772,424.975,0.0,0.0,0.0,0.0
3,Industrial,2002,2.7199999999999998,1.2069999999999999,0.017,0.0,358.1,35.448,0.78,31.942,430.216,0.0,0.0,0.0,0.0
3,Industrial,2003,3.634,0.857,0.02,0.0,347.099,35.072,1.081,42.277,430.04200000000003,0.0,0.0,0.0,0.0
3,Industrial,2004,2.52,0.9550000000000001,0.026,0.0,369.25600000000003,32.725,1.544,50.821,457.84499999999997,0.0,0.0,0.0,0.0
3,Industrial,2005,2.4939999999999998,1.083,0.038,0.0,364.219,37.751999999999995,1.77,58.42700000000001,465.783,0.0,0.0,0.0,0.0
3,Industrial,2006,2.062,1.1099999999999999,0.055,0.0,372.692,32.149,2.597,72.616,483.281,0.0,0.0,0.0,0.0
3,Industrial,2007,0.823,1.1840000000000002,0.078,0.0,352.516,33.021,2.4859999999999998,95.299,485.40700000000004,0.0,0.0,0.0,0.0
3,Industrial,2008,1.142,1.256,0.125,0.0,326.202,33.531,3.107,136.821,502.18399999999997,0.0,0.0,0.0,0.0
3,Industrial,2009,1.266,1.059,0.167,0.0,307.291,36.632999999999996,3.4050000000000002,157.94,507.76200000000006,0.0,0.0,0.0,0.0
3,Industrial,2010,0.964,1.059,0.258,0.0,358.961,40.225,4.259,183.112,588.837,0.0,0.0,0.0,0.0
3,Industrial,2011,1.115,1.059,0.426,0.004,363.181,39.693,4.236,187.143,596.859,0.0,0.0,0.0,0.0
3,Industrial,2012,1.529,1.056,0.711,0.01,370.63100000000003,37.876,4.237,171.0,587.049,0.0,0.0,0.0,0.0
3,Industrial,2013,2.729,1.059,0.9470000000000001,0.021,379.528,45.674,4.4670000000000005,177.746,612.173,0.0,0.0,0.0,0.0
3,Industrial,2014,0.925,1.059,1.175,0.023,379.233,45.214,3.6239999999999997,193.351,624.601,0.0,0.0,0.0,0.0
3,Industrial,2015,0.9630000000000001,1.059,1.496,0.026999999999999996,374.11199999999997,45.648,4.5600000000000005,198.886,626.753,0.0,0.0,0.0,0.0
3,Industrial,2016,0.892,1.056,2.1189999999999998,0.035,365.395,40.432,4.651,209.065,623.645,0.0,0.0,0.0,0.0
3,Industrial,2017,0.9670000000000001,1.059,2.507,0.041999999999999996,364.688,39.111000000000004,4.737,211.627,624.737,0.0,0.0,0.0,0.0
3,Industrial,2018,0.884,1.059,2.7359999999999998,0.055999999999999994,361.404,38.071,4.805,218.451,627.466,0.0,0.0,0.0,0.0
3,Industrial,2019,0.625,1.059,3.209,0.054,354.413,36.517,4.721,208.33499999999998,608.933,0.0,0.0,0.0,0.0
3,Industrial,2020,0.612,1.056,3.69,0.671,329.218,37.358,5.02,188.006,565.633,0.0,0.0,0.0,0.0
3,Industrial,2021,0.755,1.059,4.077999999999999,0.068,346.934,37.998,4.88,195.776,591.549,0.0,0.0,0.0,0.0
3,Industrial,2022,0.593,1.059,4.414,0.064,330.51800000000003,37.223,5.027,197.174,576.072,0.0,0.0,0.0,0.0
3,Industrial,2023,0.728,1.059,4.82,0.079,299.464,36.781,5.107,206.44400000000002,554.482,0.0,0.0,0.0,0.0
3,Residential,1973,0.0,0.0,0.0,0.0,89.25200000000001,0.0,0.0,0.0,89.25200000000001,0.0,0.0,0.0,0.0
3,Residential,1974,0.0,0.0,0.0,0.0,93.501,0.0,0.0,0.0,93.501,0.0,0.0,0.0,0.0
3,Residential,1975,0.0,0.0,0.0,0.0,107.227,0.0,0.0,0.0,107.227,0.0,0.0,0.0,0.0
3,Residential,1976,0.0,0.0,0.0,0.0,121.066,0.0,0.0,0.0,121.066,0.0,0.0,0.0,0.0
3,Residential,1977,0.0,0.0,0.0,0.0,136.558,0.0,0.0,0.0,136.558,0.0,0.0,0.0,0.0
3,Residential,1978,0.0,0.0,0.0,0.0,156.74099999999999,0.0,0.0,0.0,156.74099999999999,0.0,0.0,0.0,0.0
3,Residential,1979,0.0,0.0,0.0,0.0,183.51600000000002,0.0,0.0,0.0,183.51600000000002,0.0,0.0,0.0,0.0
3,Residential,1980,0.0,0.0,0.0,0.0,213.662,0.0,0.0,0.0,213.662,0.0,0.0,0.0,0.0
3,Residential,1981,0.0,0.0,0.0,0.0,219.287,0.0,0.0,0.0,219.287,0.0,0.0,0.0,0.0
3,Residential,1982,0.0,0.0,0.0,0.0,244.494,0.0,0.0,0.0,244.494,0.0,0.0,0.0,0.0
3,Residential,1983,0.0,0.0,0.0,0.0,244.494,0.0,0.0,0.0,244.494,0.0,0.0,0.0,0.0
3,Residential,1984,0.0,0.0,0.0,0.0,246.338,0.0,0.0,0.0,246.338,0.0,0.0,0.0,0.0
3,Residential,1985,0.0,0.0,0.0,0.0,254.57600000000002,0.0,0.0,0.0,254.57600000000002,0.0,0.0,0.0,0.0
3,Residential,1986,0.0,0.0,0.0,0.0,231.89,0.0,0.0,0.0,231.89,0.0,0.0,0.0,0.0
3,Residential,1987,0.0,0.0,0.0,0.0,214.24699999999999,0.0,0.0,0.0,214.24699999999999,0.0,0.0,0.0,0.0
3,Residential,1988,0.0,0.0,0.0,0.0,228.744,0.0,0.0,0.0,228.744,0.0,0.0,0.0,0.0
3,Residential,1989,0.0,1.261,15.47,0.0,231.89,0.0,0.0,0.0,248.62,0.0,0.0,0.0,0.0
3,Residential,1990,0.0,1.3860000000000001,16.387,0.0,146.191,0.0,0.0,0.0,163.96699999999998,0.0,0.0,0.0,0.0
3,Residential,1991,0.0,1.487,16.902,0.0,153.753,0.0,0.0,0.0,172.143,0.0,0.0,0.0,0.0
3,Residential,1992,0.0,1.609,17.506,0.0,160.875,0.0,0.0,0.0,179.99,0.0,0.0,0.0,0.0
3,Residential,1993,0.0,1.7149999999999999,17.999,0.0,138.62900000000002,0.0,0.0,0.0,158.34199999999998,0.0,0.0,0.0,0.0
3,Residential,1994,0.0,1.564,18.488999999999997,0.0,131.068,0.0,0.0,0.0,151.12,0.0,0.0,0.0,0.0
3,Residential,1995,0.0,1.6640000000000001,18.771,0.0,131.068,0.0,0.0,0.0,151.502,0.0,0.0,0.0,0.0
3,Residential,1996,0.0,1.7599999999999998,18.936,0.0,135.738,0.0,0.0,0.0,156.434,0.0,0.0,0.0,0.0
3,Residential,1997,0.0,1.8900000000000001,18.678,0.0,108.384,0.0,0.0,0.0,128.953,0.0,0.0,0.0,0.0
3,Residential,1998,0.0,1.941,18.467,0.0,95.781,0.0,0.0,0.0,116.188,0.0,0.0,0.0,0.0
3,Residential,1999,0.0,2.143,18.032,0.0,98.30099999999999,0.0,0.0,0.0,118.476,0.0,0.0,0.0,0.0
3,Residential,2000,0.0,2.161,17.228,0.0,105.574,0.0,0.0,0.0,124.964,0.0,0.0,0.0,0.0
3,Residential,2001,0.0,2.383,16.448,0.0,93.261,0.0,0.0,0.0,112.092,0.0,0.0,0.0,0.0
3,Residential,2002,0.0,2.573,15.870000000000001,0.0,95.781,0.0,0.0,0.0,114.223,0.0,0.0,0.0,0.0
3,Residential,2003,0.0,3.2760000000000002,15.408000000000001,0.0,100.82300000000001,0.0,0.0,0.0,119.507,0.0,0.0,0.0,0.0
3,Residential,2004,0.0,3.5199999999999996,15.175,0.0,103.06099999999999,0.0,0.0,0.0,121.75399999999999,0.0,0.0,0.0,0.0
3,Residential,2005,0.0,4.007,14.806000000000001,0.0,108.384,0.0,0.0,0.0,127.197,0.0,0.0,0.0,0.0
3,Residential,2006,0.0,4.612,15.401,0.0,95.781,0.0,0.0,0.0,115.794,0.0,0.0,0.0,0.0
3,Residential,2007,0.0,5.5440000000000005,16.025,0.0,105.863,0.0,0.0,0.0,127.43299999999999,0.0,0.0,0.0,0.0
3,Residential,2008,0.0,6.636000000000001,16.752,0.0,118.143,0.0,0.0,0.0,141.529,0.0,0.0,0.0,0.0
3,Residential,2009,0.0,8.268,16.916,0.0,127.035,0.0,0.0,0.0,152.218,0.0,0.0,0.0,0.0
3,Residential,2010,0.0,9.275,17.697,0.0,136.243,0.0,0.0,0.0,163.214,0.0,0.0,0.0,0.0
3,Residential,2011,0.0,9.981,18.664,0.0,132.142,0.0,0.0,0.0,160.78900000000002,0.0,0.0,0.0,0.0
3,Residential,2012,0.0,9.954,19.877000000000002,0.0,110.12100000000001,0.0,0.0,0.0,139.954,0.0,0.0,0.0,0.0
3,Residential,2013,0.0,9.981,21.506999999999998,0.0,144.087,0.0,0.0,0.0,175.576,0.0,0.0,0.0,0.0
3,Residential,2014,0.0,9.981,23.549999999999997,0.0,145.823,0.0,0.0,0.0,179.35500000000002,0.0,0.0,0.0,0.0
3,Residential,2015,0.0,9.981,26.478,0.0,129.237,0.0,0.0,0.0,165.698,0.0,0.0,0.0,0.0
3,Residential,2016,0.0,9.954,30.302,0.0,111.768,0.0,0.0,0.0,152.024,0.0,0.0,0.0,0.0
3,Residential,2017,0.0,9.981,34.102000000000004,0.0,108.27799999999999,0.0,0.0,0.0,152.361,0.0,0.0,0.0,0.0
3,Residential,2018,0.0,9.981,36.97,0.0,132.293,0.0,0.0,0.0,179.244,0.0,0.0,0.0,0.0
3,Residential,2019,0.0,9.981,41.449,0.0,137.498,0.0,0.0,0.0,188.929,0.0,0.0,0.0,0.0
3,Residential,2020,0.0,9.954,44.84,0.0,86.744,0.0,0.0,0.0,141.538,0.0,0.0,0.0,0.0
3,Residential,2021,0.0,9.981,49.512,0.0,86.738,0.0,0.0,0.0,146.231,0.0,0.0,0.0,0.0
3,Residential,2022,0.0,9.981,59.047,0.0,106.489,0.0,0.0,0.0,175.517,0.0,0.0,0.0,0.0
3,Residential,2023,0.0,9.981,69.878,0.0,113.507,0.0,0.0,0.0,193.366,0.0,0.0,0.0,0.0
3,Transportation,1973,0.0,0.0,0.0,0.0,0.0,0.0,0.0,0.0,0.0,0.0,0.0,0.0,0.0
3,Transportation,1974,0.0,0.0,0.0,0.0,0.0,0.0,0.0,0.0,0.0,0.0,0.0,0.0,0.0
3,Transportation,1975,0.0,0.0,0.0,0.0,0.0,0.0,0.0,0.0,0.0,0.0,0.0,0.0,0.0
3,Transportation,1976,0.0,0.0,0.0,0.0,0.0,0.0,0.0,0.0,0.0,0.0,0.0,0.0,0.0
3,Transportation,1977,0.0,0.0,0.0,0.0,0.0,0.0,0.0,0.0,0.0,0.0,0.0,0.0,0.0
3,Transportation,1978,0.0,0.0,0.0,0.0,0.0,0.0,0.0,0.0,0.0,0.0,0.0,0.0,0.0
3,Transportation,1979,0.0,0.0,0.0,0.0,0.0,0.0,0.0,0.0,0.0,0.0,0.0,0.0,0.0
3,Transportation,1980,0.0,0.0,0.0,0.0,0.0,0.0,0.0,0.0,0.0,0.0,0.0,0.0,0.0
3,Transportation,1981,0.0,0.0,0.0,0.0,0.0,0.0,1.6949999999999998,0.0,0.0,0.0,0.0,0.0,0.0
3,Transportation,1982,0.0,0.0,0.0,0.0,0.0,0.0,4.609,0.0,0.0,0.0,0.0,0.0,0.0
3,Transportation,1983,0.0,0.0,0.0,0.0,0.0,0.0,8.5,0.0,0.0,0.0,0.0,0.0,0.0
3,Transportation,1984,0.0,0.0,0.0,0.0,0.0,0.0,10.372,0.0,0.0,0.0,0.0,0.0,0.0
3,Transportation,1985,0.0,0.0,0.0,0.0,0.0,0.0,12.536000000000001,0.0,0.0,0.0,0.0,0.0,0.0
3,Transportation,1986,0.0,0.0,0.0,0.0,0.0,0.0,14.477,0.0,0.0,0.0,0.0,0.0,0.0
3,Transportation,1987,0.0,0.0,0.0,0.0,0.0,0.0,16.655,0.0,0.0,0.0,0.0,0.0,0.0
3,Transportation,1988,0.0,0.0,0.0,0.0,0.0,0.0,16.872,0.0,0.0,0.0,0.0,0.0,0.0
3,Transportation,1989,0.0,0.0,0.0,0.0,0.0,0.0,17.163,0.0,0.0,0.0,0.0,0.0,0.0
3,Transportation,1990,0.0,0.0,0.0,0.0,0.0,0.0,15.23,0.0,0.0,0.0,0.0,0.0,0.0
3,Transportation,1991,0.0,0.0,0.0,0.0,0.0,0.0,17.667,0.0,0.0,0.0,0.0,0.0,0.0
3,Transportation,1992,0.0,0.0,0.0,0.0,0.0,0.0,20.044999999999998,0.0,0.0,0.0,0.0,0.0,0.0
3,Transportation,1993,0.0,0.0,0.0,0.0,0.0,0.0,21.265,0.0,0.0,0.0,0.0,0.0,0.0
3,Transportation,1994,0.0,0.0,0.0,0.0,0.0,0.0,23.425,0.0,0.0,0.0,0.0,0.0,0.0
3,Transportation,1995,0.0,0.0,0.0,0.0,0.0,0.0,22.307000000000002,0.0,0.0,0.0,0.0,0.0,0.0
3,Transportation,1996,0.0,0.0,0.0,0.0,0.0,0.0,14.056999999999999,0.0,0.0,0.0,0.0,0.0,0.0
3,Transportation,1997,0.0,0.0,0.0,0.0,0.0,0.0,24.237000000000002,0.0,0.0,0.0,0.0,0.0,0.0
3,Transportation,1998,0.0,0.0,0.0,0.0,0.0,0.0,27.092,0.0,0.0,0.0,0.0,0.0,0.0
3,Transportation,1999,0.0,0.0,0.0,0.0,0.0,0.0,26.532,0.0,0.0,0.0,0.0,0.0,0.0
3,Transportation,2000,0.0,0.0,0.0,0.0,0.0,0.0,33.199,0.0,0.0,0.0,0.0,0.0,0.0
3,Transportation,2001,0.0,0.0,0.0,0.0,0.0,0.0,34.845,0.0,0.0,0.0,0.0,0.0,0.371
3,Transportation,2002,0.0,0.0,0.0,0.0,0.0,0.0,41.612,0.0,0.0,0.0,0.0,0.0,0.46099999999999997
3,Transportation,2003,0.0,0.0,0.0,0.0,0.0,0.0,55.366,0.0,0.0,0.0,0.0,0.0,0.476
3,Transportation,2004,0.0,0.0,0.0,0.0,0.0,0.0,70.38499999999999,0.0,0.0,0.0,0.0,0.0,0.779
3,Transportation,2005,0.0,0.0,0.0,0.0,0.0,0.0,84.684,0.0,0.0,0.0,0.0,0.0,2.938
3,Transportation,2006,0.0,0.0,0.0,0.0,0.0,0.0,118.7,0.0,0.0,0.0,0.0,0.0,9.614
3,Transportation,2007,0.0,0.0,0.0,0.0,0.0,0.0,140.64100000000002,0.0,0.0,0.0,0.0,0.0,14.176
3,Transportation,2008,0.0,0.0,0.0,0.0,0.0,0.0,209.64100000000002,0.0,0.0,0.0,0.0,0.0,13.491
3,Transportation,2009,0.0,0.0,0.0,0.0,0.0,0.0,235.4,0.0,0.0,0.0,0.0,0.0,12.804
3,Transportation,2010,0.0,0.0,0.0,0.0,0.0,0.0,267.779,0.0,0.0,0.0,0.0,0.0,10.199
3,Transportation,2011,0.0,0.0,0.0,0.0,0.0,0.0,264.519,0.0,0.0,2.723,0.0,0.0,34.434
3,Transportation,2012,0.0,0.0,0.0,0.0,0.0,0.0,265.201,0.0,0.0,2.335,0.0,0.0,30.848
3,Transportation,2013,0.0,0.0,0.0,0.0,0.0,0.0,272.73900000000003,0.0,0.0,13.963,0.0,0.0,48.537
3,Transportation,2014,0.0,0.0,0.0,0.0,0.0,0.0,279.66999999999996,0.0,0.0,8.481,0.251,0.0,52.878
3,Transportation,2015,0.0,0.0,0.0,0.0,0.0,0.0,288.4,0.0,0.0,13.376000000000001,0.562,0.0,57.803
3,Transportation,2016,0.0,0.0,0.0,0.0,0.0,0.0,294.756,0.0,0.0,15.382000000000001,0.647,0.0,81.326
3,Transportation,2017,0.0,0.0,0.0,0.0,0.0,0.0,297.106,0.0,0.0,15.462,0.718,0.0,71.525
3,Transportation,2018,0.0,0.0,0.0,0.0,0.0,0.0,295.575,0.0,0.0,13.503,0.657,0.0,66.756
3,Transportation,2019,0.0,0.0,0.0,0.0,0.0,0.0,292.823,0.0,0.0,25.241,0.83,0.0,61.506
3,Transportation,2020,0.0,0.0,0.0,0.0,0.0,0.0,265.74,0.0,0.0,26.116,1.303,0.0,65.56
3,Transportation,2021,0.0,0.0,0.0,0.0,0.0,0.0,288.288,0.0,0.0,36.701,2.101,0.0,55.542
3,Transportation,2022,0.0,0.0,0.0,0.0,0.0,0.0,282.271,0.0,0.0,58.064,7.282,0.0,53.057
3,Transportation,2023,0.0,0.0,0.0,0.0,0.0,0.0,286.76,0.0,0.0,100.224,9.45,0.0,65.65899999999999
4,Commercial,1973,0.0,0.0,0.0,0.0,1.6909999999999998,0.0,0.0,0.0,1.6909999999999998,0.0,0.0,0.0,0.0
4,Commercial,1974,0.0,0.0,0.0,0.0,1.769,0.0,0.0,0.0,1.769,0.0,0.0,0.0,0.0
4,Commercial,1975,0.0,0.0,0.0,0.0,2.0330000000000004,0.0,0.0,0.0,2.0330000000000004,0.0,0.0,0.0,0.0
4,Commercial,1976,0.0,0.0,0.0,0.0,2.2880000000000003,0.0,0.0,0.0,2.2880000000000003,0.0,0.0,0.0,0.0
4,Commercial,1977,0.0,0.0,0.0,0.0,2.593,0.0,0.0,0.0,2.593,0.0,0.0,0.0,0.0
4,Commercial,1978,0.0,0.0,0.0,0.0,2.9829999999999997,0.0,0.0,0.0,2.9829999999999997,0.0,0.0,0.0,0.0
4,Commercial,1979,0.0,0.0,0.0,0.0,3.481,0.0,0.0,0.0,3.481,0.0,0.0,0.0,0.0
4,Commercial,1980,0.0,0.0,0.0,0.0,5.279,0.0,0.0,0.0,5.279,0.0,0.0,0.0,0.0
4,Commercial,1981,0.0,0.0,0.0,0.0,5.2940000000000005,0.0,0.012,0.0,5.306,0.0,0.0,0.0,0.0
4,Commercial,1982,0.0,0.0,0.0,0.0,5.5440000000000005,0.0,0.033,0.0,5.579,0.0,0.0,0.0,0.0
4,Commercial,1983,0.0,0.0,0.0,0.0,5.5440000000000005,0.0,0.069,0.0,5.615,0.0,0.0,0.0,0.0
4,Commercial,1984,0.0,0.0,0.0,0.0,5.529,0.0,0.089,0.0,5.618,0.0,0.0,0.0,0.0
4,Commercial,1985,0.0,0.0,0.0,0.0,6.0489999999999995,0.0,0.095,0.0,6.143,0.0,0.0,0.0,0.0
4,Commercial,1986,0.0,0.0,0.0,0.0,6.805,0.0,0.11599999999999999,0.0,6.923,0.0,0.0,0.0,0.0
4,Commercial,1987,0.0,0.0,0.0,0.0,7.3100000000000005,0.0,0.137,0.0,7.446,0.0,0.0,0.0,0.0
4,Commercial,1988,0.0,0.0,0.0,0.0,8.043,0.0,0.134,0.0,8.178999999999998,0.0,0.0,0.0,0.0
4,Commercial,1989,0.053,0.629,0.01,0.0,19.328,7.144,0.127,0.0,27.292,0.0,0.0,0.0,0.0
4,Commercial,1990,0.10600000000000001,0.706,0.013000000000000001,0.0,16.589,7.012,0.125,0.0,24.551000000000002,0.0,0.0,0.0,0.0
4,Commercial,1991,0.095,0.757,0.013000000000000001,0.0,17.354,6.349,0.11199999999999999,0.0,24.679000000000002,0.0,0.0,0.0,0.0
4,Commercial,1992,0.10400000000000001,0.804,0.015,0.0,18.209,7.454,0.11599999999999999,0.0,26.705,0.0,0.0,0.0,0.0
4,Commercial,1993,0.072,0.857,0.016,0.0,19.127,8.08,0.058,0.0,28.21,0.0,0.0,0.0,0.0
4,Commercial,1994,0.07100000000000001,1.059,0.019,0.0,18.089,9.716999999999999,0.054,0.0,29.009,0.0,0.0,0.0,0.0
4,Commercial,1995,0.101,1.134,0.021,0.0,18.269,11.247,0.043,0.0,30.816,0.0,0.0,0.0,0.0
4,Commercial,1996,0.094,1.332,0.024,0.0,19.086,15.167,0.039,0.0,35.744,0.0,0.0,0.0,0.0
4,Commercial,1997,0.08499999999999999,1.436,0.027,0.0,18.546999999999997,14.966,0.088,0.0,35.150999999999996,0.0,0.0,0.0,0.0
4,Commercial,1998,0.081,1.79,0.031,0.0,16.162,14.565,0.082,0.0,32.71,0.0,0.0,0.0,0.0
4,Commercial,1999,0.081,1.689,0.036,0.0,16.77,12.965,0.066,0.0,31.605,0.0,0.0,0.0,0.0
4,Commercial,2000,0.069,1.911,0.041,0.0,18.006999999999998,9.704,0.10999999999999999,0.0,29.839,0.0,0.0,0.0,0.0
4,Commercial,2001,0.044,2.084,0.049,0.0,16.832,5.981,0.091,0.0,25.082,0.0,0.0,0.0,0.0
4,Commercial,2002,0.011,2.205,0.056999999999999995,0.0,17.262,6.457000000000001,0.147,0.0,26.142,0.0,0.0,0.0,0.0
4,Commercial,2003,0.061,2.7720000000000002,0.067,0.0,18.009,7.236,0.238,0.0,28.384,0.0,0.0,0.0,0.0
4,Commercial,2004,0.097,3.016,0.083,0.0,17.777,8.531,0.199,0.0,29.704,0.0,0.0,0.0,0.0
4,Commercial,2005,0.057999999999999996,3.428,0.126,0.0,17.634,8.324,0.246,0.0,29.814999999999998,0.0,0.0,0.0,0.0
4,Commercial,2006,0.07900000000000001,3.529,0.184,0.0,16.417,9.17,0.362,0.0,29.741,0.0,0.0,0.0,0.0
4,Commercial,2007,0.056999999999999995,3.63,0.26,0.0,17.691,7.872,0.56,0.0,30.067,0.0,0.0,0.0,0.0
4,Commercial,2008,0.04,3.721,0.41600000000000004,0.0,18.32,8.412,0.589,0.0,31.497,0.0,0.0,0.0,0.0
4,Commercial,2009,0.054,4.209,0.56,0.0,18.295,8.974,0.773,0.0,32.865,0.0,0.0,0.0,0.0
4,Commercial,2010,0.072,4.663,0.8620000000000001,0.017,18.055,8.115,0.86,0.0,32.644999999999996,0.0,0.0,0.0,0.0
4,Commercial,2011,0.019,4.965,1.4460000000000002,0.061,17.39,10.887,0.737,0.0,35.505,0.0,0.0,0.0,0.0
4,Commercial,2012,0.022,4.953,2.4379999999999997,0.052,15.254,11.515,0.635,0.0,34.867,0.0,0.0,0.0,0.0
4,Commercial,2013,0.023,4.965,3.377,0.067,17.848,11.666,0.685,0.0,38.631,0.0,0.0,0.0,0.0
4,Commercial,2014,0.023,4.965,3.992,0.11699999999999999,19.063,11.286,0.935,0.0,40.381,0.0,0.0,0.0,0.0
4,Commercial,2015,0.034,4.965,4.28,0.122,19.928,11.705,6.447,0.0,47.480000000000004,0.0,0.0,0.0,0.0
4,Commercial,2016,0.20299999999999999,4.953,4.724,0.126,20.974,12.116999999999999,6.551,0.0,49.647999999999996,0.0,0.0,0.0,0.0
4,Commercial,2017,0.149,4.965,5.885,0.142,21.363,11.639,6.396,0.0,50.542,0.0,0.0,0.0,0.0
4,Commercial,2018,0.159,5.079,7.138,0.159,21.136,11.758,6.445,0.0,51.875,0.0,0.0,0.0,0.0
4,Commercial,2019,0.125,5.385,7.949,0.173,21.236,9.622,6.656000000000001,0.0,51.146,0.0,0.0,0.0,0.0
4,Commercial,2020,0.157,5.373,9.201,0.129,20.658,9.179,6.747999999999999,0.0,51.446,0.0,0.0,0.0,0.0
4,Commercial,2021,0.197,5.474,10.736,0.161,20.822,9.704,7.02,0.0,54.114000000000004,0.0,0.0,0.0,0.0
4,Commercial,2022,0.181,4.965,12.275,0.154,20.695,18.868000000000002,8.058,0.0,65.19800000000001,0.0,0.0,0.0,0.0
4,Commercial,2023,0.059,4.965,13.6,0.111,20.644,18.157,8.141,0.0,65.791,0.0,0.0,0.0,0.0
4,Electric Power,1973,0.0,1.998,0.0,0.0,0.401,0.486,0.0,0.0,222.32,0.0,0.0,219.433,0.0
4,Electric Power,1974,0.0,2.282,0.0,0.0,0.048,0.43,0.0,0.0,221.563,0.0,0.0,218.802,0.0
4,Electric Power,1975,0.0,3.326,0.0,0.0,0.067,0.44,0.0,0.0,253.065,0.0,0.0,249.231,0.0
4,Electric Power,1976,0.0,2.843,0.0,0.0,0.632,0.508,0.0,0.0,212.33299999999997,0.0,0.0,208.351,0.0
4,Electric Power,1977,0.0,3.23,0.0,0.0,0.607,0.40499999999999997,0.0,0.0,210.13099999999997,0.0,0.0,205.889,0.0
4,Electric Power,1978,0.0,2.644,0.0,0.0,0.6930000000000001,0.388,0.0,0.0,213.607,0.0,0.0,209.883,0.0
4,Electric Power,1979,0.0,3.753,0.0,0.0,0.866,0.505,0.0,0.0,227.792,0.0,0.0,222.66899999999998,0.0
4,Electric Power,1980,0.0,4.926,0.0,0.0,0.854,0.354,0.0,0.0,208.71300000000002,0.0,0.0,202.57999999999998,0.0
4,Electric Power,1981,0.0,4.623,0.0,0.0,0.746,0.277,0.0,0.0,213.541,0.0,0.0,207.895,0.0
4,Electric Power,1982,0.0,4.587,0.0,0.0,0.6950000000000001,0.344,0.0,0.0,247.22,0.0,0.0,241.594,0.0
4,Electric Power,1983,0.0,5.977,0.0,0.003,0.933,0.382,0.0,0.0,270.414,0.0,0.0,263.119,0.0
4,Electric Power,1984,0.0,7.478,0.003,0.01,2.093,1.477,0.0,0.0,246.42000000000002,0.0,0.0,235.357,0.0
4,Electric Power,1985,0.0,8.938,0.005,0.003,2.283,1.593,0.0,0.0,246.067,0.0,0.0,233.245,0.0
4,Electric Power,1986,0.0,7.975999999999999,0.008,0.001,1.58,1.919,0.0,0.0,251.87,0.0,0.0,240.386,0.0
4,Electric Power,1987,0.0,9.087,0.004,0.001,2.088,1.523,0.0,0.0,203.429,0.0,0.0,190.726,0.0
4,Electric Power,1988,0.0,8.785,0.0,0.0,2.347,1.824,0.0,0.0,195.469,0.0,0.0,182.513,0.0
4,Electric Power,1989,0.0,12.062000000000001,0.21500000000000002,1.2369999999999999,27.595,42.856,0.0,0.0,302.55899999999997,0.0,0.0,218.595,0.0
4,Electric Power,1990,0.0,13.219000000000001,0.23700000000000002,1.888,33.601,47.479,0.0,0.0,318.993,0.0,0.0,222.56799999999998,0.0
4,Electric Power,1991,0.0,14.184999999999999,0.252,3.567,38.019999999999996,54.795,0.0,0.0,316.313,0.0,0.0,205.494,0.0
4,Electric Power,1992,0.0,13.82,0.256,2.976,42.577,60.239000000000004,0.0,0.0,332.274,0.0,0.0,212.407,0.0
4,Electric Power,1993,0.0,14.221,0.254,3.462,43.643,64.065,0.0,0.0,326.967,0.0,0.0,201.323,0.0
4,Electric Power,1994,0.0,13.248999999999999,0.318,3.464,40.239,79.249,0.0,0.0,332.829,0.0,0.0,196.309,0.0
4,Electric Power,1995,0.0,16.361,0.237,1.6320000000000001,34.583,82.886,0.0,0.0,396.842,0.0,0.0,261.145,0.0
4,Electric Power,1996,0.0,14.242,0.224,1.617,40.171,85.928,0.0,0.0,398.539,0.0,0.0,256.35699999999997,0.0
4,Electric Power,1997,0.0,13.487,0.20800000000000002,1.429,38.054,80.273,0.0,0.0,382.86699999999996,0.0,0.0,249.41699999999997,0.0
4,Electric Power,1998,0.0,14.028,0.243,3.1559999999999997,36.64,82.76599999999999,0.0,0.0,351.81600000000003,0.0,0.0,214.983,0.0
4,Electric Power,1999,0.0,13.224,0.313,4.357,31.686999999999998,75.793,0.0,0.0,347.253,0.0,0.0,221.88,0.0
4,Electric Power,2000,0.0,11.786,0.257,5.521,38.242999999999995,65.386,0.0,0.0,309.45,0.0,0.0,188.25799999999998,0.0
4,Electric Power,2001,0.0,11.972999999999999,0.134,5.777,30.654,52.189,0.0,0.0,268.977,0.0,0.0,168.251,0.0
4,Electric Power,2002,0.0,12.491,0.217,7.321,39.994,57.584999999999994,0.0,0.0,312.936,0.0,0.0,195.328,0.0
4,Electric Power,2003,0.0,12.332999999999998,0.184,10.111,43.298,57.249,0.0,0.0,331.387,0.0,0.0,208.211,0.0
4,Electric Power,2004,0.0,12.776,0.192,10.691,42.771,55.59,0.0,0.0,343.602,0.0,0.0,221.584,0.0
4,Electric Power,2005,0.0,12.704,0.183,16.663,46.181,55.486999999999995,0.0,0.0,331.675,0.0,0.0,200.459,0.0
4,Electric Power,2006,0.0,12.873000000000001,0.173,25.433999999999997,45.719,58.521,0.0,0.0,340.605,0.0,0.0,197.885,0.0
4,Electric Power,2007,0.0,12.766,0.269,33.99,45.873,61.82899999999999,0.0,0.0,319.97,0.0,0.0,165.244,0.0
4,Electric Power,2008,0.0,12.868,0.368,55.84,44.418,64.287,0.0,0.0,353.885,0.0,0.0,176.10500000000002,0.0
4,Electric Power,2009,0.0,13.177,0.442,70.269,45.821,65.61099999999999,0.0,0.0,416.98299999999995,0.0,0.0,221.659,0.0
4,Electric Power,2010,0.0,12.979,0.662,91.257,48.772,67.53399999999999,0.0,0.0,425.964,0.0,0.0,204.758,0.0
4,Electric Power,2011,0.0,13.225999999999999,1.266,114.64099999999999,44.026,66.416,0.0,0.0,457.072,0.0,0.0,217.495,0.0
4,Electric Power,2012,0.0,13.875,3.7159999999999997,132.341,46.463,68.745,0.0,0.0,461.745,0.0,0.0,196.606,0.0
4,Electric Power,2013,0.0,13.509,8.799,147.983,55.86,67.309,0.0,0.0,481.90600000000006,0.0,0.0,188.44400000000002,0.0
4,Electric Power,2014,0.0,13.929,13.79,163.9,64.351,67.161,0.0,0.0,520.307,0.0,0.0,197.176,0.0
4,Electric Power,2015,0.0,13.762,17.477,191.43699999999998,58.08,74.064,0.0,0.0,555.213,0.0,0.0,200.392,0.0
4,Electric Power,2016,0.0,14.231,28.200000000000003,214.368,54.132999999999996,70.729,0.0,0.0,580.721,0.0,0.0,199.061,0.0
4,Electric Power,2017,0.0,13.306999999999999,36.804,235.827,58.287000000000006,70.00800000000001,0.0,0.0,617.248,0.0,0.0,203.01500000000001,0.0
4,Electric Power,2018,0.0,13.705000000000002,39.988,230.113,51.31100000000001,68.738,0.0,0.0,621.738,0.0,0.0,217.88400000000001,0.0
4,Electric Power,2019,0.0,10.865,47.04,270.825,47.914,62.442,0.0,0.0,642.934,0.0,0.0,203.848,0.0
4,Electric Power,2020,0.0,13.530999999999999,60.791,319.386,46.359,59.265,0.0,0.0,707.3389999999999,0.0,0.0,208.006,0.0
4,Electric Power,2021,0.0,13.715,78.514,367.592,46.611,56.334,0.0,0.0,766.739,0.0,0.0,203.972,0.0
4,Electric Power,2022,0.0,14.253,91.94,383.991,47.198,43.18,0.0,0.0,759.4770000000001,0.0,0.0,178.916,0.0
4,Electric Power,2023,0.0,14.456999999999999,113.717,381.57,33.445,41.356,0.0,0.0,773.009,0.0,0.0,188.467,0.0
4,Industrial,1973,2.726,0.0,0.0,0.0,293.607,0.0,0.0,0.0,296.334,0.0,0.0,0.0,0.0
4,Industrial,1974,2.444,0.0,0.0,0.0,292.15,0.0,0.0,0.0,294.594,0.0,0.0,0.0,0.0
4,Industrial,1975,2.509,0.0,0.0,0.0,268.002,0.0,0.0,0.0,270.51099999999997,0.0,0.0,0.0,0.0
4,Industrial,1976,2.7030000000000003,0.0,0.0,0.0,306.63599999999997,0.0,0.0,0.0,309.339,0.0,0.0,0.0,0.0
4,Industrial,1977,2.917,0.0,0.0,0.0,322.944,0.0,0.0,0.0,325.861,0.0,0.0,0.0,0.0
4,Industrial,1978,2.28,0.0,0.0,0.0,352.983,0.0,0.0,0.0,355.264,0.0,0.0,0.0,0.0
4,Industrial,1979,2.621,0.0,0.0,0.0,354.102,0.0,0.0,0.0,356.723,0.0,0.0,0.0,0.0
4,Industrial,1980,2.2640000000000002,0.0,0.0,0.0,402.18600000000004,0.0,0.0,0.0,404.449,0.0,0.0,0.0,0.0
4,Industrial,1981,2.2640000000000002,0.0,0.0,0.0,403.791,21.858,0.021,1.478,429.41100000000006,0.0,0.0,0.0,0.0
4,Industrial,1982,2.2640000000000002,0.0,0.0,0.0,382.115,29.665,0.051000000000000004,3.979,418.07399999999996,0.0,0.0,0.0,0.0
4,Industrial,1983,2.2640000000000002,0.0,0.0,0.0,425.972,39.141,0.077,7.271000000000001,474.724,0.0,0.0,0.0,0.0
4,Industrial,1984,2.2640000000000002,0.0,0.0,0.0,422.043,51.17,0.131,8.838000000000001,484.448,0.0,0.0,0.0,0.0
4,Industrial,1985,2.2640000000000002,0.0,0.0,0.0,414.629,57.879999999999995,0.214,10.634,485.623,0.0,0.0,0.0,0.0
4,Industrial,1986,2.2640000000000002,0.0,0.0,0.0,405.809,64.451,0.22599999999999998,12.174000000000001,484.923,0.0,0.0,0.0,0.0
4,Industrial,1987,2.2640000000000002,0.0,0.0,0.0,397.238,71.021,0.253,13.889,484.66700000000003,0.0,0.0,0.0,0.0
4,Industrial,1988,2.2640000000000002,0.0,0.0,0.0,408.471,77.348,0.235,13.940000000000001,502.257,0.0,0.0,0.0,0.0
4,Industrial,1989,2.21,0.45399999999999996,0.003,0.0,422.35900000000004,53.03,0.249,14.064,492.366,0.0,0.0,0.0,0.0
4,Industrial,1990,2.285,0.478,0.003,0.0,374.021,48.497,0.20800000000000002,12.382,437.876,0.0,0.0,0.0,0.0
4,Industrial,1991,2.043,0.5289999999999999,0.003,0.0,409.359,46.088,0.252,14.231,472.50700000000006,0.0,0.0,0.0,0.0
4,Industrial,1992,2.505,0.552,0.003,0.0,427.978,44.038,0.28500000000000003,16.002000000000002,491.366,0.0,0.0,0.0,0.0
4,Industrial,1993,2.082,0.605,0.003,0.0,419.991,45.2,0.353,19.84,488.074,0.0,0.0,0.0,0.0
4,Industrial,1994,4.659,0.706,0.004,0.0,413.27700000000004,51.434,0.411,22.814,493.305,0.0,0.0,0.0,0.0
4,Industrial,1995,4.535,0.757,0.004,0.0,446.164,50.211,0.472,20.829,522.972,0.0,0.0,0.0,0.0
4,Industrial,1996,4.417,0.73,0.006,0.0,473.177,57.542,0.3,19.019,555.189,0.0,0.0,0.0,0.0
4,Industrial,1997,4.0440000000000005,0.781,0.006,0.0,468.591,46.698,0.436,22.193,542.7479999999999,0.0,0.0,0.0,0.0
4,Industrial,1998,3.618,0.757,0.007,0.0,423.481,46.164,0.42100000000000004,24.003,498.44899999999996,0.0,0.0,0.0,0.0
4,Industrial,1999,3.3549999999999995,1.033,0.007,0.0,380.93,42.75,0.35,24.887,453.31399999999996,0.0,0.0,0.0,0.0
4,Industrial,2000,2.8689999999999998,1.107,0.009000000000000001,0.0,452.70399999999995,34.864000000000004,0.37,26.422,518.345,0.0,0.0,0.0,0.0
4,Industrial,2001,2.282,1.199,0.01,0.0,369.355,35.073,0.7210000000000001,29.116,437.75800000000004,0.0,0.0,0.0,0.0
4,Industrial,2002,4.501,1.2069999999999999,0.013000000000000001,0.0,367.904,38.664,1.005,39.19,452.48199999999997,0.0,0.0,0.0,0.0
4,Industrial,2003,3.912,0.857,0.015,0.0,350.699,35.961,1.287,45.434,438.16700000000003,0.0,0.0,0.0,0.0
4,Industrial,2004,3.5469999999999997,0.9550000000000001,0.019,0.0,377.649,32.735,1.657,52.531,469.094,0.0,0.0,0.0,0.0
4,Industrial,2005,2.498,1.083,0.027999999999999997,0.0,361.19,36.666,1.913,61.778,465.15599999999995,0.0,0.0,0.0,0.0
4,Industrial,2006,3.0789999999999997,1.1099999999999999,0.041,0.0,372.557,33.056,2.797,77.55,490.18899999999996,0.0,0.0,0.0,0.0
4,Industrial,2007,1.275,1.1840000000000002,0.056999999999999995,0.0,359.707,35.771,2.802,104.699,505.495,0.0,0.0,0.0,0.0
4,Industrial,2008,1.2770000000000001,1.256,0.092,0.0,316.618,37.58,3.22,141.648,501.693,0.0,0.0,0.0,0.0
4,Industrial,2009,1.529,1.059,0.124,0.0,305.097,41.388,3.542,168.298,521.033,0.0,0.0,0.0,0.0
4,Industrial,2010,1.302,1.059,0.19,0.0,359.512,44.545,4.311,191.942,602.86,0.0,0.0,0.0,0.0
4,Industrial,2011,1.535,1.059,0.314,0.008,366.187,44.207,4.255,196.32999999999998,613.892,0.0,0.0,0.0,0.0
4,Industrial,2012,2.016,1.056,0.523,0.02,373.491,43.458999999999996,4.1530000000000005,169.804,594.5219999999999,0.0,0.0,0.0,0.0
4,Industrial,2013,2.6189999999999998,1.059,0.7010000000000001,0.047,376.225,50.125,4.507,192.50799999999998,627.79,0.0,0.0,0.0,0.0
4,Industrial,2014,1.083,1.059,0.883,0.052000000000000005,377.98,49.127,3.651,198.166,632.001,0.0,0.0,0.0,0.0
4,Industrial,2015,1.338,1.059,1.1,0.059,367.398,50.668,4.421,203.118,629.162,0.0,0.0,0.0,0.0
4,Industrial,2016,0.9359999999999999,1.056,1.521,0.074,384.42499999999995,45.8,4.5809999999999995,211.293,649.684,0.0,0.0,0.0,0.0
4,Industrial,2017,0.9910000000000001,1.059,1.716,0.08600000000000001,366.394,43.901,4.686,218.689,637.524,0.0,0.0,0.0,0.0
4,Industrial,2018,1.205,1.059,1.911,0.092,362.361,43.812,4.739,213.549,628.73,0.0,0.0,0.0,0.0
4,Industrial,2019,0.752,1.059,2.21,0.095,354.425,41.013999999999996,4.808,212.24900000000002,616.611,0.0,0.0,0.0,0.0
4,Industrial,2020,0.69,1.056,2.5220000000000002,1.085,342.361,41.553,4.8919999999999995,198.298,592.456,0.0,0.0,0.0,0.0
4,Industrial,2021,0.7829999999999999,1.059,2.778,0.11299999999999999,340.848,42.565,4.953,215.851,608.951,0.0,0.0,0.0,0.0
4,Industrial,2022,0.699,1.059,2.9770000000000003,0.125,321.493,41.631,5.062,205.565,578.611,0.0,0.0,0.0,0.0
4,Industrial,2023,0.766,1.059,3.3209999999999997,0.112,307.165,41.551,5.1129999999999995,214.24099999999999,573.327,0.0,0.0,0.0,0.0
4,Residential,1973,0.0,0.0,0.0,0.0,89.25200000000001,0.0,0.0,0.0,89.25200000000001,0.0,0.0,0.0,0.0
4,Residential,1974,0.0,0.0,0.0,0.0,93.501,0.0,0.0,0.0,93.501,0.0,0.0,0.0,0.0
4,Residential,1975,0.0,0.0,0.0,0.0,107.227,0.0,0.0,0.0,107.227,0.0,0.0,0.0,0.0
4,Residential,1976,0.0,0.0,0.0,0.0,121.066,0.0,0.0,0.0,121.066,0.0,0.0,0.0,0.0
4,Residential,1977,0.0,0.0,0.0,0.0,136.558,0.0,0.0,0.0,136.558,0.0,0.0,0.0,0.0
4,Residential,1978,0.0,0.0,0.0,0.0,156.74099999999999,0.0,0.0,0.0,156.74099999999999,0.0,0.0,0.0,0.0
4,Residential,1979,0.0,0.0,0.0,0.0,183.51600000000002,0.0,0.0,0.0,183.51600000000002,0.0,0.0,0.0,0.0
4,Residential,1980,0.0,0.0,0.0,0.0,213.662,0.0,0.0,0.0,213.662,0.0,0.0,0.0,0.0
4,Residential,1981,0.0,0.0,0.0,0.0,219.287,0.0,0.0,0.0,219.287,0.0,0.0,0.0,0.0
4,Residential,1982,0.0,0.0,0.0,0.0,244.494,0.0,0.0,0.0,244.494,0.0,0.0,0.0,0.0
4,Residential,1983,0.0,0.0,0.0,0.0,244.494,0.0,0.0,0.0,244.494,0.0,0.0,0.0,0.0
4,Residential,1984,0.0,0.0,0.0,0.0,246.338,0.0,0.0,0.0,246.338,0.0,0.0,0.0,0.0
4,Residential,1985,0.0,0.0,0.0,0.0,254.57600000000002,0.0,0.0,0.0,254.57600000000002,0.0,0.0,0.0,0.0
4,Residential,1986,0.0,0.0,0.0,0.0,231.89,0.0,0.0,0.0,231.89,0.0,0.0,0.0,0.0
4,Residential,1987,0.0,0.0,0.0,0.0,214.24699999999999,0.0,0.0,0.0,214.24699999999999,0.0,0.0,0.0,0.0
4,Residential,1988,0.0,0.0,0.0,0.0,228.744,0.0,0.0,0.0,228.744,0.0,0.0,0.0,0.0
4,Residential,1989,0.0,1.261,11.435,0.0,231.89,0.0,0.0,0.0,244.587,0.0,0.0,0.0,0.0
4,Residential,1990,0.0,1.3860000000000001,12.113,0.0,146.191,0.0,0.0,0.0,159.693,0.0,0.0,0.0,0.0
4,Residential,1991,0.0,1.487,12.493,0.0,153.753,0.0,0.0,0.0,167.73399999999998,0.0,0.0,0.0,0.0
4,Residential,1992,0.0,1.609,12.940999999999999,0.0,160.875,0.0,0.0,0.0,175.424,0.0,0.0,0.0,0.0
4,Residential,1993,0.0,1.7149999999999999,13.304,0.0,138.62900000000002,0.0,0.0,0.0,153.649,0.0,0.0,0.0,0.0
4,Residential,1994,0.0,1.564,13.668,0.0,131.068,0.0,0.0,0.0,146.299,0.0,0.0,0.0,0.0
4,Residential,1995,0.0,1.6640000000000001,13.875,0.0,131.068,0.0,0.0,0.0,146.607,0.0,0.0,0.0,0.0
4,Residential,1996,0.0,1.7599999999999998,13.998000000000001,0.0,135.738,0.0,0.0,0.0,151.495,0.0,0.0,0.0,0.0
4,Residential,1997,0.0,1.8900000000000001,13.808,0.0,108.384,0.0,0.0,0.0,124.08099999999999,0.0,0.0,0.0,0.0
4,Residential,1998,0.0,1.941,13.649999999999999,0.0,95.781,0.0,0.0,0.0,111.372,0.0,0.0,0.0,0.0
4,Residential,1999,0.0,2.143,13.328999999999999,0.0,98.30099999999999,0.0,0.0,0.0,113.773,0.0,0.0,0.0,0.0
4,Residential,2000,0.0,2.161,12.734,0.0,105.574,0.0,0.0,0.0,120.471,0.0,0.0,0.0,0.0
4,Residential,2001,0.0,2.383,12.16,0.0,93.261,0.0,0.0,0.0,107.80099999999999,0.0,0.0,0.0,0.0
4,Residential,2002,0.0,2.573,11.732,0.0,95.781,0.0,0.0,0.0,110.083,0.0,0.0,0.0,0.0
4,Residential,2003,0.0,3.2760000000000002,11.389,0.0,100.82300000000001,0.0,0.0,0.0,115.488,0.0,0.0,0.0,0.0
4,Residential,2004,0.0,3.5199999999999996,11.217,0.0,103.06099999999999,0.0,0.0,0.0,117.79599999999999,0.0,0.0,0.0,0.0
4,Residential,2005,0.0,4.007,10.944,0.0,108.384,0.0,0.0,0.0,123.336,0.0,0.0,0.0,0.0
4,Residential,2006,0.0,4.612,11.384,0.0,95.781,0.0,0.0,0.0,111.77799999999999,0.0,0.0,0.0,0.0
4,Residential,2007,0.0,5.5440000000000005,11.846,0.0,105.863,0.0,0.0,0.0,123.255,0.0,0.0,0.0,0.0
4,Residential,2008,0.0,6.636000000000001,12.382,0.0,118.143,0.0,0.0,0.0,137.161,0.0,0.0,0.0,0.0
4,Residential,2009,0.0,8.268,12.503,0.0,127.035,0.0,0.0,0.0,147.806,0.0,0.0,0.0,0.0
4,Residential,2010,0.0,9.275,13.081,0.0,136.243,0.0,0.0,0.0,158.599,0.0,0.0,0.0,0.0
4,Residential,2011,0.0,9.981,13.798000000000002,0.0,132.142,0.0,0.0,0.0,155.922,0.0,0.0,0.0,0.0
4,Residential,2012,0.0,9.954,14.693999999999999,0.0,110.12100000000001,0.0,0.0,0.0,134.76999999999998,0.0,0.0,0.0,0.0
4,Residential,2013,0.0,9.981,15.898,0.0,144.087,0.0,0.0,0.0,169.968,0.0,0.0,0.0,0.0
4,Residential,2014,0.0,9.981,18.036,0.0,145.823,0.0,0.0,0.0,173.841,0.0,0.0,0.0,0.0
4,Residential,2015,0.0,9.981,19.256,0.0,129.237,0.0,0.0,0.0,158.476,0.0,0.0,0.0,0.0
4,Residential,2016,0.0,9.954,21.18,0.0,111.768,0.0,0.0,0.0,142.902,0.0,0.0,0.0,0.0
4,Residential,2017,0.0,9.981,23.5,0.0,108.27799999999999,0.0,0.0,0.0,141.76,0.0,0.0,0.0,0.0
4,Residential,2018,0.0,9.981,25.395,0.0,132.293,0.0,0.0,0.0,167.67,0.0,0.0,0.0,0.0
4,Residential,2019,0.0,9.981,27.733,0.0,137.498,0.0,0.0,0.0,175.212,0.0,0.0,0.0,0.0
4,Residential,2020,0.0,9.954,31.005,0.0,86.744,0.0,0.0,0.0,127.703,0.0,0.0,0.0,0.0
4,Residential,2021,0.0,9.981,34.727000000000004,0.0,86.738,0.0,0.0,0.0,131.445,0.0,0.0,0.0,0.0
4,Residential,2022,0.0,9.981,42.369,0.0,106.489,0.0,0.0,0.0,158.839,0.0,0.0,0.0,0.0
4,Residential,2023,0.0,9.981,50.604,0.0,113.507,0.0,0.0,0.0,174.092,0.0,0.0,0.0,0.0
4,Transportation,1973,0.0,0.0,0.0,0.0,0.0,0.0,0.0,0.0,0.0,0.0,0.0,0.0,0.0
4,Transportation,1974,0.0,0.0,0.0,0.0,0.0,0.0,0.0,0.0,0.0,0.0,0.0,0.0,0.0
4,Transportation,1975,0.0,0.0,0.0,0.0,0.0,0.0,0.0,0.0,0.0,0.0,0.0,0.0,0.0
4,Transportation,1976,0.0,0.0,0.0,0.0,0.0,0.0,0.0,0.0,0.0,0.0,0.0,0.0,0.0
4,Transportation,1977,0.0,0.0,0.0,0.0,0.0,0.0,0.0,0.0,0.0,0.0,0.0,0.0,0.0
4,Transportation,1978,0.0,0.0,0.0,0.0,0.0,0.0,0.0,0.0,0.0,0.0,0.0,0.0,0.0
4,Transportation,1979,0.0,0.0,0.0,0.0,0.0,0.0,0.0,0.0,0.0,0.0,0.0,0.0,0.0
4,Transportation,1980,0.0,0.0,0.0,0.0,0.0,0.0,0.0,0.0,0.0,0.0,0.0,0.0,0.0
4,Transportation,1981,0.0,0.0,0.0,0.0,0.0,0.0,1.6949999999999998,0.0,0.0,0.0,0.0,0.0,0.0
4,Transportation,1982,0.0,0.0,0.0,0.0,0.0,0.0,4.609,0.0,0.0,0.0,0.0,0.0,0.0
4,Transportation,1983,0.0,0.0,0.0,0.0,0.0,0.0,8.5,0.0,0.0,0.0,0.0,0.0,0.0
4,Transportation,1984,0.0,0.0,0.0,0.0,0.0,0.0,10.372,0.0,0.0,0.0,0.0,0.0,0.0
4,Transportation,1985,0.0,0.0,0.0,0.0,0.0,0.0,12.536000000000001,0.0,0.0,0.0,0.0,0.0,0.0
4,Transportation,1986,0.0,0.0,0.0,0.0,0.0,0.0,14.477,0.0,0.0,0.0,0.0,0.0,0.0
4,Transportation,1987,0.0,0.0,0.0,0.0,0.0,0.0,16.655,0.0,0.0,0.0,0.0,0.0,0.0
4,Transportation,1988,0.0,0.0,0.0,0.0,0.0,0.0,16.872,0.0,0.0,0.0,0.0,0.0,0.0
4,Transportation,1989,0.0,0.0,0.0,0.0,0.0,0.0,17.163,0.0,0.0,0.0,0.0,0.0,0.0
4,Transportation,1990,0.0,0.0,0.0,0.0,0.0,0.0,15.23,0.0,0.0,0.0,0.0,0.0,0.0
4,Transportation,1991,0.0,0.0,0.0,0.0,0.0,0.0,17.667,0.0,0.0,0.0,0.0,0.0,0.0
4,Transportation,1992,0.0,0.0,0.0,0.0,0.0,0.0,20.044999999999998,0.0,0.0,0.0,0.0,0.0,0.0
4,Transportation,1993,0.0,0.0,0.0,0.0,0.0,0.0,27.750999999999998,0.0,0.0,0.0,0.0,0.0,0.0
4,Transportation,1994,0.0,0.0,0.0,0.0,0.0,0.0,30.543999999999997,0.0,0.0,0.0,0.0,0.0,0.0
4,Transportation,1995,0.0,0.0,0.0,0.0,0.0,0.0,34.462,0.0,0.0,0.0,0.0,0.0,0.0
4,Transportation,1996,0.0,0.0,0.0,0.0,0.0,0.0,22.232,0.0,0.0,0.0,0.0,0.0,0.0
4,Transportation,1997,0.0,0.0,0.0,0.0,0.0,0.0,30.833,0.0,0.0,0.0,0.0,0.0,0.0
4,Transportation,1998,0.0,0.0,0.0,0.0,0.0,0.0,32.67,0.0,0.0,0.0,0.0,0.0,0.0
4,Transportation,1999,0.0,0.0,0.0,0.0,0.0,0.0,36.591,0.0,0.0,0.0,0.0,0.0,0.0
4,Transportation,2000,0.0,0.0,0.0,0.0,0.0,0.0,39.28,0.0,0.0,0.0,0.0,0.0,0.0
4,Transportation,2001,0.0,0.0,0.0,0.0,0.0,0.0,39.248000000000005,0.0,0.0,0.0,0.0,0.0,0.412
4,Transportation,2002,0.0,0.0,0.0,0.0,0.0,0.0,53.536,0.0,0.0,0.0,0.0,0.0,0.42
4,Transportation,2003,0.0,0.0,0.0,0.0,0.0,0.0,65.935,0.0,0.0,0.0,0.0,0.0,0.496
4,Transportation,2004,0.0,0.0,0.0,0.0,0.0,0.0,75.465,0.0,0.0,0.0,0.0,0.0,0.8799999999999999
4,Transportation,2005,0.0,0.0,0.0,0.0,0.0,0.0,91.508,0.0,0.0,0.0,0.0,0.0,2.746
4,Transportation,2006,0.0,0.0,0.0,0.0,0.0,0.0,127.80799999999999,0.0,0.0,0.0,0.0,0.0,9.927
4,Transportation,2007,0.0,0.0,0.0,0.0,0.0,0.0,158.501,0.0,0.0,0.0,0.0,0.0,11.224
4,Transportation,2008,0.0,0.0,0.0,0.0,0.0,0.0,217.324,0.0,0.0,0.0,0.0,0.0,12.641
4,Transportation,2009,0.0,0.0,0.0,0.0,0.0,0.0,244.789,0.0,0.0,0.0,0.0,0.0,15.415
4,Transportation,2010,0.0,0.0,0.0,0.0,0.0,0.0,271.047,0.0,0.0,0.0,0.0,0.0,8.46
4,Transportation,2011,0.0,0.0,0.0,0.0,0.0,0.0,265.652,0.0,0.0,2.4,0.0,0.0,39.133
4,Transportation,2012,0.0,0.0,0.0,0.0,0.0,0.0,259.951,0.0,0.0,3.3339999999999996,0.0,0.0,23.295
4,Transportation,2013,0.0,0.0,0.0,0.0,0.0,0.0,275.111,0.0,0.0,15.696000000000002,0.0,0.0,61.91
4,Transportation,2014,0.0,0.0,0.0,0.0,0.0,0.0,281.80600000000004,0.0,0.0,9.955,0.615,0.0,51.128
4,Transportation,2015,0.0,0.0,0.0,0.0,0.0,0.0,279.637,0.0,0.0,14.190000000000001,0.505,0.0,48.117000000000004
4,Transportation,2016,0.0,0.0,0.0,0.0,0.0,0.0,290.235,0.0,0.0,16.396,0.955,0.0,77.343
4,Transportation,2017,0.0,0.0,0.0,0.0,0.0,0.0,293.883,0.0,0.0,15.23,0.889,0.0,64.009
4,Transportation,2018,0.0,0.0,0.0,0.0,0.0,0.0,291.553,0.0,0.0,17.463,1.051,0.0,62.397
4,Transportation,2019,0.0,0.0,0.0,0.0,0.0,0.0,298.139,0.0,0.0,29.479,1.217,0.0,55.195
4,Transportation,2020,0.0,0.0,0.0,0.0,0.0,0.0,258.898,0.0,0.0,29.394000000000002,0.849,0.0,62.549
4,Transportation,2021,0.0,0.0,0.0,0.0,0.0,0.0,292.592,0.0,0.0,49.455,3.577,0.0,57.315
4,Transportation,2022,0.0,0.0,0.0,0.0,0.0,0.0,284.223,0.0,0.0,61.911,8.227,0.0,56.223
4,Transportation,2023,0.0,0.0,0.0,0.0,0.0,0.0,287.148,0.0,0.0,97.34299999999999,10.91,0.0,63.471000000000004
